{
  "total_count": 184902,
  "probabilities": {
    "cc": 0.001357,
    "cp": 1.1e-05,
    "cv": 5e-06,
    "cd": 3.8e-05,
    "ch": 0.003699,
    "ck": 0.000427,
    "ca": 0.007198,
    "cs": 5.9e-05,
    "cw": 0.0,
    "cu": 0.000827,
    "cz": 3.2e-05,
    "ct": 0.000233,
    "ce": 0.00391,
    "cr": 0.000984,
    "cl": 0.000573,
    "cj": 0.0,
    "cb": 1.1e-05,
    "cx": 0.0,
    "ci": 0.005452,
    "cq": 0.000124,
    "cf": 5e-06,
    "cg": 1.1e-05,
    "cm": 2.7e-05,
    "cn": 3.8e-05,
    "c ": 0.000341,
    "cy": 4.3e-05,
    "co": 0.010362,
    "pc": 3.2e-05,
    "pp": 0.001184,
    "pv": 0.0,
    "pd": 0.0,
    "ph": 0.000206,
    "pk": 5e-06,
    "pa": 0.003688,
    "ps": 0.000173,
    "pw": 5e-06,
    "pu": 0.000838,
    "pz": 0.0,
    "pt": 6.5e-05,
    "pe": 0.003131,
    "pr": 0.003515,
    "pl": 0.000465,
    "pj": 0.0,
    "pb": 5e-06,
    "px": 0.0,
    "pi": 0.002353,
    "pq": 0.0,
    "pf": 1.1e-05,
    "pg": 0.0,
    "pm": 1.1e-05,
    "pn": 5e-06,
    "p ": 0.0002,
    "py": 5e-06,
    "po": 0.003542,
    "vc": 2.7e-05,
    "vp": 0.0,
    "vv": 0.000151,
    "vd": 2.7e-05,
    "vh": 1.1e-05,
    "vk": 5e-06,
    "va": 0.00219,
    "vs": 3.2e-05,
    "vw": 0.0,
    "vu": 7.6e-05,
    "vz": 0.0,
    "vt": 0.0,
    "ve": 0.002764,
    "vr": 0.000119,
    "vl": 3.2e-05,
    "vj": 0.0,
    "vb": 0.0,
    "vx": 0.0,
    "vi": 0.003413,
    "vq": 0.0,
    "vf": 0.0,
    "vg": 2.7e-05,
    "vm": 0.0,
    "vn": 3.2e-05,
    "v ": 0.000292,
    "vy": 8.1e-05,
    "vo": 0.001374,
    "dc": 2.2e-05,
    "dp": 2.2e-05,
    "dv": 2.7e-05,
    "dd": 9.2e-05,
    "dh": 1.6e-05,
    "dk": 1.1e-05,
    "da": 0.004754,
    "ds": 0.000114,
    "dw": 4.9e-05,
    "du": 0.000865,
    "dz": 5e-06,
    "dt": 4.9e-05,
    "de": 0.012066,
    "dr": 0.000644,
    "dl": 1.1e-05,
    "dj": 1.6e-05,
    "db": 1.1e-05,
    "dx": 0.0,
    "di": 0.013229,
    "dq": 0.0,
    "df": 1.1e-05,
    "dg": 5.9e-05,
    "dm": 4.3e-05,
    "dn": 5.9e-05,
    "d ": 0.001779,
    "dy": 4.9e-05,
    "do": 0.002244,
    "hc": 1.1e-05,
    "hp": 0.0,
    "hv": 5e-06,
    "hd": 5e-06,
    "hh": 5e-06,
    "hk": 1.1e-05,
    "ha": 0.001287,
    "hs": 5.4e-05,
    "hw": 0.0,
    "hu": 0.000254,
    "hz": 1.6e-05,
    "ht": 4.9e-05,
    "he": 0.002791,
    "hr": 0.000141,
    "hl": 6.5e-05,
    "hj": 5e-06,
    "hb": 1.1e-05,
    "hx": 0.0,
    "hi": 0.001466,
    "hq": 5e-06,
    "hf": 5e-06,
    "hg": 0.0,
    "hm": 3.2e-05,
    "hn": 0.000114,
    "h ": 0.000427,
    "hy": 4.3e-05,
    "ho": 0.000671,
    "kc": 0.0,
    "kp": 1.1e-05,
    "kv": 1.1e-05,
    "kd": 5e-06,
    "kh": 0.000114,
    "kk": 1.1e-05,
    "ka": 0.000368,
    "ks": 0.000141,
    "kw": 1.6e-05,
    "ku": 0.000146,
    "kz": 0.0,
    "kt": 4.9e-05,
    "ke": 0.000373,
    "kr": 6.5e-05,
    "kl": 2.7e-05,
    "kj": 0.0,
    "kb": 1.1e-05,
    "kx": 0.0,
    "ki": 0.000362,
    "kq": 0.0,
    "kf": 1.1e-05,
    "kg": 0.0,
    "km": 0.000206,
    "kn": 2.7e-05,
    "k ": 0.000552,
    "ky": 6.5e-05,
    "ko": 0.000308,
    "ac": 0.001898,
    "ap": 0.001385,
    "av": 0.001195,
    "ad": 0.001525,
    "ah": 0.000157,
    "ak": 0.000211,
    "aa": 9.2e-05,
    "as": 0.00285,
    "aw": 0.000146,
    "au": 0.000979,
    "az": 0.001801,
    "at": 0.011228,
    "ae": 0.000627,
    "ar": 0.007545,
    "al": 0.01179,
    "aj": 0.000141,
    "ab": 0.001769,
    "ax": 5.4e-05,
    "ai": 0.001163,
    "aq": 9.7e-05,
    "af": 0.000671,
    "ag": 0.002104,
    "am": 0.003002,
    "an": 0.01205,
    "a ": 0.033791,
    "ay": 0.000324,
    "ao": 0.000119,
    "sc": 0.002288,
    "sp": 0.001276,
    "sv": 0.000438,
    "sd": 7e-05,
    "sh": 0.000416,
    "sk": 0.000243,
    "sa": 0.002504,
    "ss": 0.002655,
    "sw": 4.9e-05,
    "su": 0.002223,
    "sz": 3.2e-05,
    "st": 0.009632,
    "se": 0.005533,
    "sr": 5.4e-05,
    "sl": 0.000297,
    "sj": 0.0,
    "sb": 7e-05,
    "sx": 5e-06,
    "si": 0.005657,
    "sq": 4.3e-05,
    "sf": 0.00013,
    "sg": 2.7e-05,
    "sm": 0.000184,
    "sn": 7.6e-05,
    "s ": 0.002461,
    "sy": 0.000108,
    "so": 0.003304,
    "wc": 0.0,
    "wp": 0.0,
    "wv": 0.0,
    "wd": 5e-06,
    "wh": 1.6e-05,
    "wk": 1.1e-05,
    "wa": 0.000406,
    "ws": 5.4e-05,
    "ww": 0.0,
    "wu": 2.2e-05,
    "wz": 0.0,
    "wt": 1.6e-05,
    "we": 0.000151,
    "wr": 9.7e-05,
    "wl": 2.2e-05,
    "wj": 0.0,
    "wb": 0.0,
    "wx": 0.0,
    "wi": 0.00026,
    "wq": 0.0,
    "wf": 5e-06,
    "wg": 0.0,
    "wm": 0.0,
    "wn": 4.3e-05,
    "w ": 0.000184,
    "wy": 1.6e-05,
    "wo": 0.000103,
    "uc": 0.000644,
    "up": 0.000535,
    "uv": 7.6e-05,
    "ud": 0.000644,
    "uh": 3.2e-05,
    "uk": 9.7e-05,
    "ua": 0.00219,
    "us": 0.001655,
    "uw": 1.1e-05,
    "uu": 5e-06,
    "uz": 0.000319,
    "ut": 0.001606,
    "ue": 0.001238,
    "ur": 0.001877,
    "ul": 0.001168,
    "uj": 2.7e-05,
    "ub": 0.000746,
    "ux": 5.9e-05,
    "ui": 0.001147,
    "uq": 0.0,
    "uf": 0.000157,
    "ug": 0.000438,
    "um": 0.000833,
    "un": 0.010692,
    "u ": 0.000941,
    "uy": 2.7e-05,
    "uo": 0.001109,
    "zc": 5e-06,
    "zp": 1.6e-05,
    "zv": 0.0,
    "zd": 5e-06,
    "zh": 4.3e-05,
    "zk": 0.0,
    "za": 0.001287,
    "zs": 1.1e-05,
    "zw": 1.1e-05,
    "zu": 8.1e-05,
    "zz": 0.001082,
    "zt": 5e-06,
    "ze": 0.000443,
    "zr": 1.1e-05,
    "zl": 2.7e-05,
    "zj": 0.0,
    "zb": 1.1e-05,
    "zx": 0.0,
    "zi": 0.00271,
    "zq": 0.0,
    "zf": 0.0,
    "zg": 5e-06,
    "zm": 0.0,
    "zn": 1.6e-05,
    "z ": 0.000206,
    "zy": 2.7e-05,
    "zo": 0.000611,
    "tc": 8.1e-05,
    "tp": 1.6e-05,
    "tv": 2.2e-05,
    "td": 1.6e-05,
    "th": 0.000649,
    "tk": 2.7e-05,
    "ta": 0.012855,
    "ts": 0.000146,
    "tw": 4.9e-05,
    "tu": 0.00265,
    "tz": 8.7e-05,
    "tt": 0.005949,
    "te": 0.009102,
    "tr": 0.005003,
    "tl": 0.000206,
    "tj": 2.7e-05,
    "tb": 0.000227,
    "tx": 0.0,
    "ti": 0.008248,
    "tq": 0.0,
    "tf": 1.6e-05,
    "tg": 6.5e-05,
    "tm": 4.3e-05,
    "tn": 7.6e-05,
    "t ": 0.002472,
    "ty": 9.7e-05,
    "to": 0.012791,
    "ec": 0.001547,
    "ep": 0.00059,
    "ev": 0.000752,
    "ed": 0.002142,
    "eh": 5.9e-05,
    "ek": 0.000124,
    "ea": 0.001666,
    "es": 0.006187,
    "ew": 0.000162,
    "eu": 0.000411,
    "ez": 0.000433,
    "et": 0.003743,
    "ee": 0.00033,
    "er": 0.010643,
    "el": 0.014013,
    "ej": 3.8e-05,
    "eb": 0.000357,
    "ex": 0.000471,
    "ei": 0.001206,
    "eq": 7e-05,
    "ef": 0.000254,
    "eg": 0.002553,
    "em": 0.001752,
    "en": 0.009443,
    "e ": 0.0314,
    "ey": 0.000222,
    "eo": 0.000784,
    "rc": 0.001071,
    "rp": 0.000211,
    "rv": 0.000352,
    "rd": 0.00099,
    "rh": 3.8e-05,
    "rk": 0.000168,
    "ra": 0.009129,
    "rs": 0.001033,
    "rw": 1.6e-05,
    "ru": 0.001287,
    "rz": 0.000222,
    "rt": 0.003131,
    "re": 0.009827,
    "rr": 0.001449,
    "rl": 0.000362,
    "rj": 5e-06,
    "rb": 0.000319,
    "rx": 0.0,
    "ri": 0.008761,
    "rq": 2.2e-05,
    "rf": 0.000206,
    "rg": 0.000757,
    "rm": 0.001076,
    "rn": 0.001022,
    "r ": 0.002585,
    "ry": 0.00026,
    "ro": 0.005949,
    "lc": 0.000698,
    "lp": 0.000178,
    "lv": 0.000254,
    "ld": 0.000297,
    "lh": 0.000103,
    "lk": 5.9e-05,
    "la": 0.01259,
    "ls": 0.000254,
    "lw": 5e-06,
    "lu": 0.001585,
    "lz": 2.7e-05,
    "lt": 0.00133,
    "le": 0.007161,
    "lr": 3.2e-05,
    "ll": 0.011206,
    "lj": 2.2e-05,
    "lb": 0.000276,
    "lx": 5e-06,
    "li": 0.008702,
    "lq": 0.0,
    "lf": 0.000124,
    "lg": 0.000195,
    "lm": 0.000817,
    "ln": 5.4e-05,
    "l ": 0.010557,
    "ly": 0.000135,
    "lo": 0.004245,
    "jc": 5e-06,
    "jp": 1.1e-05,
    "jv": 0.0,
    "jd": 1.6e-05,
    "jh": 1.6e-05,
    "jk": 1.1e-05,
    "ja": 0.000324,
    "js": 1.6e-05,
    "jw": 0.0,
    "ju": 0.000151,
    "jz": 5e-06,
    "jt": 5e-06,
    "je": 0.000103,
    "jr": 3.8e-05,
    "jl": 5e-06,
    "jj": 5e-06,
    "jb": 5e-06,
    "jx": 0.0,
    "ji": 6.5e-05,
    "jq": 0.0,