{
  "aa": 0.00006330445,
  "ab": 0.001298629,
  "ac": 0.002891593,
  "ad": 0.002481298,
  "ae": 0.0001076767,
  "af": 0.0006998987,
  "ag": 0.001394177,
  "ah": 0.000182518,
  "ai": 0.002804032,
  "aj": 0.0001109307,
  "ak": 0.000977965,
  "al": 0.00673867,
  "am": 0.002366817,
  "an": 0.01259729,
  "ao": 0.00003727271,
  "ap": 0.00107588,
  "aq": 0.00003520201,
  "ar": 0.007703915,
  "as": 0.005843533,
  "at": 0.009152522,
  "au": 0.0008942493,
  "av": 0.001575512,
  "aw": 0.0005150142,
  "ax": 0.0001351875,
  "ay": 0.00243308,
  "az": 0.0001419913,
  "a ": 0.005687047,
  "ba": 0.001507474,
  "bb": 0.0001171428,
  "bc": 0.00003904761,
  "bd": 0.0000136075,
  "be": 0.003808029,
  "bf": 0.000004733043,
  "bg": 0.000003549782,
  "bh": 0.00001597402,
  "bi": 0.0007930805,
  "bj": 0.00004023087,
  "bk": 0.000001183261,
  "bl": 0.001287092,
  "bm": 0.00002958152,
  "bn": 0.000009761901,
  "bo": 0.001470793,
  "bp": 0.000005028858,
  "bq": 0.000002366522,
  "br": 0.0008137876,
  "bs": 0.000241681,
  "bt": 0.00006567097,
  "bu": 0.001519898,
  "bv": 0.0000174531,
  "bw": 0.00001183261,
  "bx": 5.916304e-7,
  "by": 0.0009054903,
  "bz": 0.000001183261,
  "b ": 0.0002579508,
  "ca": 0.003595634,
  "cb": 0.00001686147,
  "cc": 0.0005132394,
  "cd": 0.00002544011,
  "ce": 0.003884349,
  "cf": 0.000009761901,
  "cg": 0.00001094516,
  "ch": 0.003695323,
  "ci": 0.00172194,
  "cj": 0.000003253967,
  "ck": 0.00131549,
  "cl": 0.001112265,
  "cm": 0.00002011543,
  "cn": 0.00001597402,
  "co": 0.005328223,
  "cp": 0.00001508657,
  "cq": 0.0000174531,
  "cr": 0.0009903893,
  "cs": 0.0001523448,
  "ct": 0.002301738,
  "cu": 0.0008596389,
  "cv": 0.000002958152,
  "cw": 0.000007099565,
  "cx": 2.958152e-7,
  "cy": 0.000241681,
  "cz": 0.000007099565,
  "c ": 0.0008670343,
  "da": 0.001839675,
  "db": 0.00007750358,
  "dc": 0.00008460314,
  "dd": 0.0003916593,
  "de": 0.004759962,
  "df": 0.00006774168,
  "dg": 0.00023044,
  "dh": 0.00008519478,
  "di": 0.003030331,
  "dj": 0.00003520201,
  "dk": 0.000005324673,
  "dl": 0.0002481889,
  "dm": 0.0001561904,
  "dn": 0.0002354689,
  "do": 0.001605981,
  "dp": 0.00004880951,
  "dq": 0.00000739538,
  "dr": 0.0007445668,
  "ds": 0.0009714571,
  "dt": 0.000228961,
  "du": 0.0008501729,
  "dv": 0.0001251298,
  "dw": 0.0001700937,
  "dx": 5.916304e-7,
  "dy": 0.0003526117,
  "dz": 0.00000798701,
  "d ": 0.01595627,
  "ea": 0.005465777,
  "eb": 0.0004117747,
  "ec": 0.002896031,
  "ed": 0.007336808,
  "ee": 0.002889523,
  "ef": 0.0009081526,
  "eg": 0.0008593431,
  "eh": 0.0002810244,
  "ei": 0.001359271,
  "ej": 0.0000428932,
  "ek": 0.0003035064,
  "el": 0.003353065,
  "em": 0.002185778,
  "en": 0.008896346,
  "eo": 0.0006229868,
  "ep": 0.001126464,
  "eq": 0.0001739393,
  "er": 0.01294458,
  "es": 0.00842245,
  "et": 0.00306435,
  "eu": 0.0001686147,
  "ev": 0.001691175,
  "ew": 0.001074697,
  "ex": 0.001083571,
  "ey": 0.00127733,
  "ez": 0.0000739538,
  "e ": 0.03137416,
  "fa": 0.001098066,
  "fb": 0.000009761901,
  "fc": 0.00002011543,
  "fd": 0.00001094516,
  "fe": 0.001463398,
  "ff": 0.001103391,
  "fg": 0.00001893217,
  "fh": 0.000006212119,
  "fi": 0.002056803,
  "fj": 0.000001183261,
  "fk": 0.000002070706,
  "fl": 0.0003739104,
  "fm": 0.00001331168,
  "fn": 0.000003549782,
  "fo": 0.00350541,
  "fp": 0.000005028858,
  "fq": 0,
  "fr": 0.001470793,
  "fs": 0.00007424961,
  "ft": 0.0006155914,
  "fu": 0.0006623302,
  "fv": 0.000001774891,
  "fw": 0.000008578641,
  "fx": 0.000001183261,
  "fy": 0.00004200576,
  "fz": 2.958152e-7,
  "f ": 0.005264327,
  "ga": 0.001313124,
  "gb": 0.00004614717,
  "gc": 0.00001390331,
  "gd": 0.00002455266,
  "ge": 0.002591933,
  "gf": 0.00002100288,
  "gg": 0.0001813347,
  "gh": 0.001614559,
  "gi": 0.0009596245,
  "gj": 0.000004141413,
  "gk": 0.000006212119,
  "gl": 0.0003517243,
  "gm": 0.00007750358,
  "gn": 0.0003573448,
  "go": 0.00125189,
  "gp": 0.00001419913,
  "gq": 2.958152e-7,
  "gr": 0.001272005,
  "gs": 0.0004283404,
  "gt": 0.000187251,
  "gu": 0.0005567242,
  "gv": 0.000002662337,
  "gw": 0.00003283549,
  "gx": 0,
  "gy": 0.0001292712,
  "gz": 0.000002366522,
  "g ": 0.006022206,
  "ha": 0.006346715,
  "hb": 0.00007513706,
  "hc": 0.00002100288,
  "hd": 0.00004525972,
  "he": 0.01777908,
  "hf": 0.00002366522,
  "hg": 0.000009761901,
  "hh": 0.00001863636,
  "hi": 0.004452019,
  "hj": 0.000002662337,
  "hk": 0.000008874456,
  "hl": 0.0001195093,
  "hm": 0.00008341988,
  "hn": 0.0001547113,
  "ho": 0.003764544,
  "hp": 0.00001922799,
  "hq": 0.000006803749,
  "hr": 0.0006232826,
  "hs": 0.0001576695,
  "ht": 0.0008992782,
  "hu": 0.0005144226,
  "hv": 0.00001094516,
  "hw": 0.00005975467,
  "hx": 2.958152e-7,
  "hy": 0.0002331024,
  "hz": 0.000002070706,
  "h ": 0.004191405,
  "ia": 0.001681414,
  "ib": 0.0004292278,
  "ic": 0.003926355,
  "id": 0.002862012,
  "ie": 0.002267423,
  "if": 0.001085938,
  "ig": 0.001708924,
  "ih": 0.00001567821,
  "ii": 0.00003638527,
  "ij": 0.00003224386,
  "ik": 0.000451414,
  "il": 0.003767206,
  "im": 0.001786428,
  "in": 0.01621156,
  "io": 0.00402427,
  "ip": 0.0005712191,
  "iq": 0.00004880951,
  "ir": 0.002132532,
  "is": 0.006621231,
  "it": 0.007161982,
  "iu": 0.00007099565,
  "iv": 0.001764538,
  "iw": 0.00001449494,
  "ix": 0.0001381457,
  "iy": 0.00001479076,
  "iz": 0.0003659234,
  "i ": 0.001324956,
  "ja": 0.0002718542,
  "jb": 0.000001774891,
  "jc": 0.000004141413,
  "jd": 0.000002366522,
  "je": 0.0002964068,
  "jf": 0.000001183261,
  "jg": 5.916304e-7,
  "jh": 0.000001774891,
  "ji": 0.00005472581,
  "jj": 0.000002366522,
  "jk": 0.000001479076,
  "jl": 0.000001479076,
  "jm": 8.874456e-7,
  "jn": 8.874456e-7,
  "jo": 0.0005369046,
  "jp": 0.000005028858,
  "jq": 0,
  "jr": 0.000008578641,
  "js": 0.000003253967,
  "jt": 0.000003253967,
  "ju": 0.0006170705,
  "jv": 0.000001774891,
  "jw": 0.000001479076,
  "jx": 0,
  "jy": 0.000001479076,
  "jz": 0,
  "j ": 0.00002780663,
  "ka": 0.0002869407,
  "kb": 0.00001922799,
  "kc": 0.00001153679,
  "kd": 0.00001508657,
  "ke": 0.00207396,
  "kf": 0.00003046896,
  "kg": 0.0000195238,
  "kh": 0.00005738815,
  "ki": 0.001001039,
  "kj": 0.000004141413,
  "kk": 0.00001242424,
  "kl": 0.0001224675,
  "km": 0.00002691918,
  "kn": 0.0003043938,
  "ko": 0.0001156637,
  "kp": 0.00002248195,
  "kq": 0.000001183261,
  "kr": 0.00004023087,
  "ks": 0.0005046607,
  "kt": 0.0000505844,
  "ku": 0.0000505844,
  "kv": 0.000005028858,
  "kw": 0.00002869407,
  "kx": 0,
  "ky": 0.00008341988,
  "kz": 8.874456e-7,
  "k ": 0.001847662,
  "la": 0.003555699,
  "lb": 0.00009761901,
  "lc": 0.00009761901,
  "ld": 0.001886709,
  "le": 0.005514291,
  "lf": 0.0002810244,
  "lg": 0.00004023087,
  "lh": 0.00003904761,
  "li": 0.004137271,
  "lj": 0.000006803749,
  "lk": 0.0002082539,
  "ll": 0.00476647,
  "lm": 0.0001979004,
  "ln": 0.00004378065,
  "lo": 0.00266352,
  "lp": 0.0002348773,
  "lq": 0.000003549782,
  "lr": 0.00008933619,
  "ls": 0.001171132,
  "lt": 0.0007806563,
  "lu": 0.0007697111,
  "lv": 0.0001993794,
  "lw": 0.0001198052,
  "lx": 2.958152e-7,
  "ly": 0.002361788,
  "lz": 0.000003549782,
  "l ": 0.005716924,
  "ma": 0.003542091,
  "mb": 0.0006895452,
  "mc": 0.00009880227,
  "md": 0.00001863636,
  "me": 0.005176174,
  "mf": 0.00003816016,
  "mg": 0.000007099565,
  "mh": 0.0000233694,
  "mi": 0.002217726,
  "mj": 0.000003845597,
  "mk": 0.000007691195,
  "ml": 0.00002544011,
  "mm": 0.0007501873,
  "mn": 0.00006005048,
  "mo": 0.002255591,
  "mp": 0.001371399,
  "mq": 8.874456e-7,
  "mr": 0.00008489896,
  "ms": 0.0005434125,
  "mt": 0.0001038311,
  "mu": 0.0007288886,
  "mv": 0.000005916304,
  "mw": 0.00002839826,
  "mx": 0.000001183261,
  "my": 0.0004221283,
  "mz": 0.000002070706,
  "m ": 0.002669732,
  "na": 0.00232067,
  "nb": 0.0001053102,
  "nc": 0.002252633,
  "nd": 0.008352046,
  "ne": 0.004876218,
  "nf": 0.0003836723,
  "ng": 0.007381476,
  "nh": 0.0001127056,
  "ni": 0.002561168,
  "nj": 0.000136075,
  "nk": 0.0004798122,
  "nl": 0.0003597113,
  "nm": 0.0002511471,