{
  "total_count": 202685,
  "probabilities": {
    "cc": 9.9e-05,
    "cp": 0.0,
    "cv": 0.0,
    "cd": 6.9e-05,
    "ch": 0.001085,
    "ck": 0.00041,
    "ca": 0.002087,
    "cs": 0.000178,
    "cw": 0.0,
    "cu": 0.001475,
    "cz": 2e-05,
    "ct": 0.000168,
    "ce": 0.0015,
    "cr": 0.000212,
    "cl": 0.000474,
    "cj": 0.0,
    "cb": 3.9e-05,
    "cx": 0.0,
    "ci": 0.001796,
    "cq": 2.5e-05,
    "cf": 0.0,
    "cg": 1e-05,
    "cm": 0.000187,
    "cn": 8.9e-05,
    "c ": 0.00112,
    "cy": 8.4e-05,
    "co": 0.00077,
    "pc": 4.4e-05,
    "pp": 0.000192,
    "pv": 1.5e-05,
    "pd": 3.9e-05,
    "ph": 0.000192,
    "pk": 1e-05,
    "pa": 0.002191,
    "ps": 0.000192,
    "pw": 0.0,
    "pu": 0.000207,
    "pz": 1e-05,
    "pt": 0.000424,
    "pe": 0.000775,
    "pr": 0.00073,
    "pl": 0.001367,
    "pj": 0.0,
    "pb": 0.0,
    "px": 0.0,
    "pi": 0.000883,
    "pq": 0.0,
    "pf": 0.0,
    "pg": 2e-05,
    "pm": 0.000503,
    "pn": 0.000128,
    "p ": 0.001076,
    "py": 3e-05,
    "po": 0.001377,
    "vc": 0.000104,
    "vp": 0.0,
    "vv": 8.4e-05,
    "vd": 5.9e-05,
    "vh": 3e-05,
    "vk": 4.4e-05,
    "va": 0.001771,
    "vs": 2.5e-05,
    "vw": 0.0,
    "vu": 0.000276,
    "vz": 1.5e-05,
    "vt": 1.5e-05,
    "ve": 0.006843,
    "vr": 0.000464,
    "vl": 0.000488,
    "vj": 0.0,
    "vb": 2.5e-05,
    "vx": 0.0,
    "vi": 0.001115,
    "vq": 0.0,
    "vf": 1.5e-05,
    "vg": 2e-05,
    "vm": 0.0,
    "vn": 2.5e-05,
    "v ": 0.000518,
    "vy": 0.000104,
    "vo": 0.000217,
    "dc": 1.5e-05,
    "dp": 1e-05,
    "dv": 3e-05,
    "dd": 0.000306,
    "dh": 1e-05,
    "dk": 0.000104,
    "da": 0.009981,
    "ds": 0.000187,
    "dw": 2.5e-05,
    "du": 0.001944,
    "dz": 0.000498,
    "dt": 3e-05,
    "de": 0.009621,
    "dr": 0.003271,
    "dl": 0.000444,
    "dj": 1e-05,
    "db": 1.5e-05,
    "dx": 5e-06,
    "di": 0.00748,
    "dq": 0.0,
    "df": 2.5e-05,
    "dg": 4.4e-05,
    "dm": 0.000183,
    "dn": 0.001179,
    "d ": 0.002625,
    "dy": 0.000454,
    "do": 0.001451,
    "hc": 5.4e-05,
    "hp": 2e-05,
    "hv": 1e-05,
    "hd": 4.9e-05,
    "hh": 0.0,
    "hk": 0.000128,
    "ha": 0.003424,
    "hs": 8.4e-05,
    "hw": 2e-05,
    "hu": 0.000469,
    "hz": 4.4e-05,
    "ht": 0.000197,
    "he": 0.001638,
    "hr": 0.000562,
    "hl": 0.000222,
    "hj": 0.0,
    "hb": 2e-05,
    "hx": 0.0,
    "hi": 0.002274,
    "hq": 0.0,
    "hf": 0.0,
    "hg": 0.0,
    "hm": 0.000207,
    "hn": 0.000252,
    "h ": 0.000607,
    "hy": 5.4e-05,
    "ho": 0.000592,
    "kc": 0.000163,
    "kp": 5.4e-05,
    "kv": 1.5e-05,
    "kd": 0.000104,
    "kh": 3.5e-05,
    "kk": 0.000286,
    "ka": 0.006429,
    "ks": 0.001322,
    "kw": 1e-05,
    "ku": 0.002329,
    "kz": 0.000104,
    "kt": 0.002531,
    "ke": 0.003098,
    "kr": 0.000706,
    "kl": 0.002378,
    "kj": 0.0,
    "kb": 0.000104,
    "kx": 5e-06,
    "ki": 0.004426,
    "kq": 0.0,
    "kf": 3.9e-05,
    "kg": 1.5e-05,
    "km": 0.001155,
    "kn": 0.000449,
    "k ": 0.007751,
    "ky": 0.000706,
    "ko": 0.00222,
    "ac": 0.001278,
    "ap": 0.002112,
    "av": 0.001406,
    "ad": 0.004514,
    "ah": 0.001895,
    "ak": 0.007307,
    "aa": 0.000913,
    "as": 0.005624,
    "aw": 0.000153,
    "au": 0.000508,
    "az": 0.002018,
    "at": 0.003814,
    "ae": 0.000572,
    "ar": 0.015601,
    "al": 0.011654,
    "aj": 0.000138,
    "ab": 0.00151,
    "ax": 4.4e-05,
    "ai": 0.000789,
    "aq": 2.5e-05,
    "af": 0.00149,
    "ag": 0.000479,
    "am": 0.004702,
    "an": 0.019301,
    "a ": 0.017387,
    "ay": 0.0045,
    "ao": 8.4e-05,
    "sc": 0.000479,
    "sp": 0.000429,
    "sv": 0.000143,
    "sd": 0.000212,
    "sh": 0.000459,
    "sk": 0.001105,
    "sa": 0.004159,
    "ss": 0.000538,
    "sw": 3e-05,
    "su": 0.001944,
    "sz": 0.000434,
    "st": 0.003858,
    "se": 0.002926,
    "sr": 0.000804,
    "sl": 0.000893,
    "sj": 5e-06,
    "sb": 9.4e-05,
    "sx": 0.0,
    "si": 0.006902,
    "sq": 5e-06,
    "sf": 8.4e-05,
    "sg": 2.5e-05,
    "sm": 0.000543,
    "sn": 0.001855,
    "s ": 0.004421,
    "sy": 0.00109,
    "so": 0.001742,
    "wc": 0.0,
    "wp": 0.0,
    "wv": 0.0,
    "wd": 3e-05,
    "wh": 5.4e-05,
    "wk": 0.0,
    "wa": 0.0004,
    "ws": 4.4e-05,
    "ww": 8.4e-05,
    "wu": 0.0,
    "wz": 0.0,
    "wt": 0.0,
    "we": 0.000237,
    "wr": 3e-05,
    "wl": 2e-05,
    "wj": 0.0,
    "wb": 0.0,
    "wx": 0.0,
    "wi": 0.000291,
    "wq": 0.0,
    "wf": 0.0,
    "wg": 5e-06,
    "wm": 0.0,
    "wn": 4.4e-05,
    "w ": 0.000183,
    "wy": 1e-05,
    "wo": 0.000104,
    "uc": 0.000429,
    "up": 0.000484,
    "uv": 0.000207,
    "ud": 0.000928,
    "uh": 0.000143,
    "uk": 0.000755,
    "ua": 0.000405,
    "us": 0.002378,
    "uw": 0.0,
    "uu": 0.000622,
    "uz": 0.001031,
    "ut": 0.001495,
    "ue": 0.000222,
    "ur": 0.003878,
    "ul": 0.003838,
    "uj": 2e-05,
    "ub": 0.000429,
    "ux": 3.9e-05,
    "ui": 0.000133,
    "uq": 5e-06,
    "uf": 5.4e-05,
    "ug": 0.000227,
    "um": 0.001046,
    "un": 0.00518,
    "u ": 0.004569,
    "uy": 0.000385,
    "uo": 2.5e-05,
    "zc": 9.9e-05,
    "zp": 5e-06,
    "zv": 5e-06,
    "zd": 0.000301,
    "zh": 4.4e-05,
    "zk": 3.9e-05,
    "za": 0.001406,
    "zs": 2e-05,
    "zw": 0.0,
    "zu": 0.000266,
    "zz": 5.9e-05,
    "zt": 2.5e-05,
    "ze": 0.001835,
    "zr": 6.4e-05,
    "zl": 0.000982,
    "zj": 0.0,
    "zb": 1e-05,
    "zx": 0.0,
    "zi": 0.001599,
    "zq": 0.0,
    "zf": 0.0,
    "zg": 0.000113,
    "zm": 0.00035,
    "zn": 0.000237,
    "z ": 0.001954,
    "zy": 0.000335,
    "zo": 0.000247,
    "tc": 0.000104,
    "tp": 8.4e-05,
    "tv": 6.4e-05,
    "td": 0.000133,
    "th": 0.000775,
    "tk": 0.000513,
    "ta": 0.008328,
    "ts": 0.000429,
    "tw": 5.4e-05,
    "tu": 0.001115,
    "tz": 7.9e-05,
    "tt": 0.000794,
    "te": 0.005245,
    "tr": 0.003681,
    "tl": 0.001638,
    "tj": 0.0,
    "tb": 0.000691,
    "tx": 5e-06,
    "ti": 0.006266,
    "tq": 0.0,
    "tf": 0.000133,
    "tg": 4.4e-05,
    "tm": 0.000804,
    "tn": 0.000414,
    "t ": 0.003513,
    "ty": 0.000291,
    "to": 0.002038,
    "ec": 0.000696,
    "ep": 0.000479,
    "ev": 0.001761,
    "ed": 0.003745,
    "eh": 0.000789,
    "ek": 0.003977,
    "ea": 0.00073,
    "es": 0.005042,
    "ew": 0.000153,
    "eu": 0.000168,
    "ez": 0.000992,
    "et": 0.005195,
    "ee": 0.0004,
    "er": 0.013079,
    "el": 0.00557,
    "ej": 5.9e-05,
    "eb": 0.000474,
    "ex": 8.9e-05,
    "ei": 0.001564,
    "eq": 0.0,
    "ef": 0.00075,
    "eg": 0.000306,
    "em": 0.002674,
    "en": 0.009586,
    "e ": 0.019039,
    "ey": 0.002768,
    "eo": 0.000488,
    "rc": 0.000553,
    "rp": 0.000178,
    "rv": 0.000252,
    "rd": 0.002482,
    "rh": 0.000118,
    "rk": 0.002141,
    "ra": 0.008881,
    "rs": 0.0011,
    "rw": 2e-05,
    "ru": 0.00186,
    "rz": 0.000187,
    "rt": 0.001727,
    "re": 0.004776,
    "rr": 0.000335,
    "rl": 0.002827,
    "rj": 0.000133,
    "rb": 0.000493,
    "rx": 0.0,
    "ri": 0.00931,
    "rq": 2e-05,
    "rf": 0.000133,
    "rg": 0.000567,
    "rm": 0.001845,
    "rn": 0.002408,
    "r ": 0.021186,
    "ry": 0.000755,
    "ro": 0.002353,
    "lc": 0.000543,
    "lp": 0.000143,
    "lv": 0.000128,
    "ld": 0.002225,
    "lh": 0.000173,
    "lk": 0.001618,
    "la": 0.013785,
    "ls": 0.000242,
    "lw": 1e-05,
    "lu": 0.003399,
    "lz": 4.4e-05,
    "lt": 0.000947,
    "le": 0.012221,
    "lr": 0.000281,
    "ll": 0.003217,
    "lj": 5e-06,
    "lb": 0.000528,
    "lx": 5e-06,
    "li": 0.007894,
    "lq": 5e-06,
    "lf": 7.9e-05,
    "lg": 0.000962,
    "lm": 0.003671,
    "ln": 0.001377,
    "l ": 0.008017,
    "ly": 0.001332,
    "lo": 0.001589,
    "jc": 0.0,
    "jp": 5e-06,
    "jv": 5e-06,
    "jd": 5e-06,
    "jh": 0.0,
    "jk": 2e-05,
    "ja": 0.000498,
    "js": 5e-06,
    "jw": 0.0,
    "ju": 7.4e-05,
    "jz": 0.0,
    "jt": 5e-06,
    "je": 0.000316,
    "jr": 3e-05,
    "jl": 3e-05,
    "jj": 0.0,
    "jb": 5e-06,
    "jx": 0.0,