{
  "aa": 0.0003225511,
  "ab": 0.002647594,
  "ac": 0.002465323,
  "ad": 0.0009010903,
  "ae": 0.0001710734,
  "af": 0.001023641,
  "ag": 0.002346816,
  "ah": 0.00180809,
  "ai": 0.0005897367,
  "aj": 0.00002363924,
  "ak": 0.0007371709,
  "al": 0.005195033,
  "am": 0.002564235,
  "an": 0.008910748,
  "ao": 0.00002270611,
  "ap": 0.000533127,
  "aq": 0.00001337483,
  "ar": 0.004712606,
  "as": 0.004594099,
  "at": 0.003931267,
  "au": 0.006741226,
  "av": 0.0001937795,
  "aw": 0.0000606533,
  "ax": 0.00009362381,
  "ay": 0.0002202181,
  "az": 0.0002307936,
  "a ": 0.001518821,
  "ba": 0.001525975,
  "bb": 0.00006687415,
  "bc": 0.00003888032,
  "bd": 0.0000357699,
  "be": 0.009015569,
  "bf": 0.00003763615,
  "bg": 0.0001530329,
  "bh": 0.00008522566,
  "bi": 0.001405601,
  "bj": 0.00002830487,
  "bk": 0.00003701407,
  "bl": 0.0008052892,
  "bm": 0.000029238,
  "bn": 0.0001225508,
  "bo": 0.0005682748,
  "bp": 0.00001399692,
  "bq": 0,
  "br": 0.00115459,
  "bs": 0.00056983,
  "bt": 0.0004920693,
  "bu": 0.0007489905,
  "bv": 0.00002301715,
  "bw": 0.00007682752,
  "bx": 0.00000124417,
  "by": 0.00005318828,
  "bz": 0.00005660975,
  "b ": 0.0007032673,
  "ca": 0.0002681187,
  "cb": 0.000009953362,
  "cc": 0.00003825824,
  "cd": 0.00004261283,
  "ce": 0.0003384143,
  "cf": 0.000005287724,
  "cg": 0.000003110426,
  "ch": 0.02065509,
  "ci": 0.000102333,
  "cj": 3.110426e-7,
  "ck": 0.00150949,
  "cl": 0.0001088649,
  "cm": 0.000005909809,
  "cn": 0.000006220851,
  "co": 0.000379783,
  "cp": 0.000009020235,
  "cq": 0.000004354596,
  "cr": 0.0001116643,
  "cs": 0.00004914473,
  "ct": 0.00006003122,
  "cu": 0.00008491462,
  "cv": 0.000006842937,
  "cw": 0.000003110426,
  "cx": 0.000002488341,
  "cy": 0.00001772943,
  "cz": 0.00000964232,
  "c ": 0.0002037329,
  "da": 0.004790056,
  "db": 0.00008709192,
  "dc": 0.00005443245,
  "dd": 0.0001237949,
  "de": 0.01713907,
  "df": 0.0000671852,
  "dg": 0.00009766737,
  "dh": 0.00008242628,
  "di": 0.007514166,
  "dj": 0.0000167963,
  "dk": 0.00005474349,
  "dl": 0.0003101094,
  "dm": 0.00008118211,
  "dn": 0.0001377919,
  "do": 0.0009312615,
  "dp": 0.000109798,
  "dq": 0.000005909809,
  "dr": 0.0009318835,
  "ds": 0.0003981345,
  "dt": 0.0002758948,
  "du": 0.0009894264,
  "dv": 0.00003639198,
  "dw": 0.0001213066,
  "dx": 0.000001555213,
  "dy": 0.00005660975,
  "dz": 0.00002208402,
  "d ": 0.006132515,
  "ea": 0.0007147758,
  "eb": 0.001851636,
  "ec": 0.001271542,
  "ed": 0.001845727,
  "ee": 0.0005216184,
  "ef": 0.001069986,
  "eg": 0.002448527,
  "eh": 0.002901405,
  "ei": 0.01588557,
  "ej": 0.00002954904,
  "ek": 0.0009001572,
  "el": 0.005609031,
  "em": 0.003601251,
  "en": 0.03137642,
  "eo": 0.000241058,
  "ep": 0.0004211516,
  "eq": 0.0000314153,
  "er": 0.03091825,
  "es": 0.008061601,
  "et": 0.003596585,
  "eu": 0.002413068,
  "ev": 0.0002587874,
  "ew": 0.0009247296,
  "ex": 0.0003754284,
  "ey": 0.00009082443,
  "ez": 0.0004037333,
  "e ": 0.02186629,
  "fa": 0.001489894,
  "fb": 0.00007340605,
  "fc": 0.0000606533,
  "fd": 0.00005598766,
  "fe": 0.002305759,
  "ff": 0.0009797841,
  "fg": 0.0002534997,
  "fh": 0.0004404363,
  "fi": 0.0009446363,
  "fj": 0.000007776064,
  "fk": 0.00003328156,
  "fl": 0.000796269,
  "fm": 0.00004012449,
  "fn": 0.0002528776,
  "fo": 0.001036083,
  "fp": 0.00003825824,
  "fq": 6.220851e-7,
  "fr": 0.002700783,
  "fs": 0.0002357703,
  "ft": 0.001531263,
  "fu": 0.0004139977,
  "fv": 0.00001586317,
  "fw": 0.00003981345,
  "fx": 0.00000964232,
  "fy": 0.000006842937,
  "fz": 0.00004199075,
  "f ": 0.00205257,
  "ga": 0.001414311,
  "gb": 0.00007682752,
  "gc": 0.00001399692,
  "gd": 0.0001433906,
  "ge": 0.01195554,
  "gf": 0.00004945577,
  "gg": 0.0001066876,
  "gh": 0.0001157078,
  "gi": 0.001108556,
  "gj": 0.00001213066,
  "gk": 0.0001430796,
  "gl": 0.0008740296,
  "gm": 0.00006251956,
  "gn": 0.0003303272,
  "go": 0.0002594095,
  "gp": 0.00003452573,
  "gq": 0.000001866255,
  "gr": 0.001544015,
  "gs": 0.001158011,
  "gt": 0.001272475,
  "gu": 0.000686471,
  "gv": 0.00002612758,
  "gw": 0.0000460343,
  "gx": 6.220851e-7,
  "gy": 0.00002270611,
  "gz": 0.00004696743,
  "g ": 0.004046664,
  "ha": 0.004237955,
  "hb": 0.0001116643,
  "hc": 0.0000482116,
  "hd": 0.000153344,
  "he": 0.007440449,
  "hf": 0.0002080875,
  "hg": 0.00007589439,
  "hh": 0.0001657857,
  "hi": 0.001631729,
  "hj": 0.00001493004,
  "hk": 0.0001412133,
  "hl": 0.001911668,
  "hm": 0.0007841383,
  "hn": 0.001342149,
  "ho": 0.001116332,
  "hp": 0.00004012449,
  "hq": 0.000003110426,
  "hr": 0.00390825,
  "hs": 0.0006550557,
  "ht": 0.004411517,
  "hu": 0.0007069998,
  "hv": 0.00003017113,
  "hw": 0.0005206853,
  "hx": 3.110426e-7,
  "hy": 0.00004696743,
  "hz": 0.00006936249,
  "h ": 0.006069996,
  "ia": 0.0006612765,
  "ib": 0.000628617,
  "ic": 0.007274042,
  "id": 0.001017109,
  "ie": 0.01445166,
  "if": 0.0005129092,
  "ig": 0.003284299,
  "ih": 0.0009007793,
  "ii": 0.00004541222,
  "ij": 0.00001493004,
  "ik": 0.0008525677,
  "il": 0.002460347,
  "im": 0.0024224,
  "in": 0.01514,
  "io": 0.001646037,
  "ip": 0.0002858481,
  "iq": 0.0000167963,
  "ir": 0.00179907,
  "is": 0.006019296,
  "it": 0.007041382,
  "iu": 0.0001197514,
  "iv": 0.0006273729,
  "iw": 0.000043857,
  "ix": 0.00005412141,
  "iy": 0.000004043553,
  "iz": 0.000503889,
  "i ": 0.002008402,
  "ja": 0.0008248849,
  "jb": 6.220851e-7,
  "jc": 9.331277e-7,
  "jd": 0.000007153979,
  "je": 0.0006668753,
  "jf": 0,
  "jg": 0.00000964232,
  "jh": 0.0001573875,
  "ji": 0.00001928464,
  "jj": 0.000001555213,
  "jk": 0.000002799383,
  "jl": 3.110426e-7,
  "jm": 0.000002177298,
  "jn": 0.00003950241,
  "jo": 0.0001573875,
  "jp": 0.000002488341,
  "jq": 0,
  "jr": 0.00002239507,
  "js": 0.000004354596,
  "jt": 6.220851e-7,
  "ju": 0.00027745,
  "jv": 0.000002488341,
  "jw": 3.110426e-7,
  "jx": 0,
  "jy": 0,
  "jz": 3.110426e-7,
  "j ": 0.00001493004,
  "ka": 0.001664389,
  "kb": 0.00004199075,
  "kc": 0.00001959568,
  "kd": 0.00003950241,
  "ke": 0.002329709,
  "kf": 0.00007931586,
  "kg": 0.00005287724,
  "kh": 0.00006314164,
  "ki": 0.0004687412,
  "kj": 0.000005598766,
  "kk": 0.00006314164,
  "kl": 0.0009045118,
  "km": 0.0001188183,
  "kn": 0.0006584771,
  "ko": 0.001808402,
  "kp": 0.00004727847,
  "kq": 0.000002799383,
  "kr": 0.0008572333,
  "ks": 0.0003153972,
  "kt": 0.00168274,
  "ku": 0.0008074665,
  "kv": 0.00001524109,
  "kw": 0.00005629871,
  "kx": 3.110426e-7,
  "ky": 0.00003297051,
  "kz": 0.0000460343,
  "k ": 0.0009881822,
  "la": 0.00328181,
  "lb": 0.0005424582,
  "lc": 0.0004357706,
  "ld": 0.001006845,
  "le": 0.006315097,
  "lf": 0.0003828934,
  "lg": 0.0004513228,
  "lh": 0.00007993794,
  "li": 0.005225515,
  "lj": 0.0000102644,
  "lk": 0.0002351482,
  "ll": 0.00422458,
  "lm": 0.0002149304,
  "ln": 0.0005225515,
  "lo": 0.001003112,
  "lp": 0.0001107312,
  "lq": 0.000005598766,
  "lr": 0.0002373255,
  "ls": 0.001864078,
  "lt": 0.002480253,
  "lu": 0.001100158,
  "lv": 0.0001017109,
  "lw": 0.00009175756,
  "lx": 0.00000124417,
  "ly": 0.0001290827,
  "lz": 0.0001396581,
  "l ": 0.003090519,
  "ma": 0.003131577,
  "mb": 0.0003166413,
  "mc": 0.00008491462,
  "md": 0.0001057545,
  "me": 0.004343398,
  "mf": 0.00009144652,
  "mg": 0.0002650083,
  "mh": 0.00005225515,
  "mi": 0.003845108,
  "mj": 0.000003421468,
  "mk": 0.00004727847,
  "ml": 0.0001468121,
  "mm": 0.001613067,
  "mn": 0.0001953347,
  "mo": 0.0008423033,
  "mp": 0.0005738735,
  "mq": 0.000003732511,
  "mr": 0.0001091759,
  "ms": 0.0005947134,
  "mt": 0.000503889,
  "mu": 0.0006743403,
  "mv": 0.00002332819,
  "mw": 0.0000606533,
  "mx": 0.000002799383,
  "my": 0.00002488341,
  "mz": 0.000029238,
  "m ": 0.006497368,
  "na": 0.003354905,
  "nb": 0.0006569219,
  "nc": 0.0004805608,
  "nd": 0.01075834,
  "ne": 0.008832676,
  "nf": 0.0009486798,
  "ng": 0.006318208,
  "nh": 0.0004737178,
  "ni": 0.003482433,
  "nj": 0.00006998458,
  "nk": 0.001328774,
  "nl": 0.0005891146,
  "nm": 0.0004105762,
  "nn": 0.002996584,
  "no": 0.001232662,