{
  "total_count": 171425,
  "probabilities": {
    "cc": 0.000175,
    "cp": 0.000478,
    "cv": 2.9e-05,
    "cd": 4.1e-05,
    "ch": 0.001715,
    "ck": 0.000257,
    "ca": 0.006586,
    "cs": 0.000117,
    "cw": 0.0,
    "cu": 0.000933,
    "cz": 6e-06,
    "ct": 0.00049,
    "ce": 0.003325,
    "cr": 0.001149,
    "cl": 0.00098,
    "cj": 1.8e-05,
    "cb": 0.0,
    "cx": 0.0,
    "ci": 0.005314,
    "cq": 1.8e-05,
    "cf": 5.8e-05,
    "cg": 2.3e-05,
    "cm": 5.3e-05,
    "cn": 0.000105,
    "c ": 0.000531,
    "cy": 8.2e-05,
    "co": 0.010366,
    "pc": 0.000799,
    "pp": 0.000111,
    "pv": 1.2e-05,
    "pd": 1.8e-05,
    "ph": 0.000414,
    "pk": 1.2e-05,
    "pa": 0.00427,
    "ps": 0.000274,
    "pw": 6e-06,
    "pu": 0.000974,
    "pz": 0.0,
    "pt": 0.000408,
    "pe": 0.003821,
    "pr": 0.003191,
    "pl": 0.000642,
    "pj": 0.0,
    "pb": 0.000134,
    "px": 0.0,
    "pi": 0.001808,
    "pq": 0.0,
    "pf": 2.3e-05,
    "pg": 1.2e-05,
    "pm": 2.9e-05,
    "pn": 0.0,
    "p ": 0.000274,
    "py": 2.9e-05,
    "po": 0.005775,
    "vc": 1.8e-05,
    "vp": 0.0,
    "vv": 1.2e-05,
    "vd": 5.3e-05,
    "vh": 1.2e-05,
    "vk": 0.0,
    "va": 0.002129,
    "vs": 0.000128,
    "vw": 0.0,
    "vu": 4.7e-05,
    "vz": 0.0,
    "vt": 1.2e-05,
    "ve": 0.002573,
    "vr": 0.000233,
    "vl": 2.3e-05,
    "vj": 1.2e-05,
    "vb": 2.9e-05,
    "vx": 0.0,
    "vi": 0.001849,
    "vq": 3.5e-05,
    "vf": 0.0,
    "vg": 6e-06,
    "vm": 0.0,
    "vn": 0.000257,
    "v ": 0.000158,
    "vy": 1.2e-05,
    "vo": 0.001009,
    "dc": 0.000158,
    "dp": 3.5e-05,
    "dv": 7.6e-05,
    "dd": 5.8e-05,
    "dh": 1.8e-05,
    "dk": 6e-06,
    "da": 0.010459,
    "ds": 0.000187,
    "dw": 1.8e-05,
    "du": 0.001038,
    "dz": 0.0,
    "dt": 7.6e-05,
    "de": 0.020353,
    "dr": 0.00063,
    "dl": 4.1e-05,
    "dj": 1.8e-05,
    "db": 1.2e-05,
    "dx": 0.0,
    "di": 0.003255,
    "dq": 6e-06,
    "df": 6e-06,
    "dg": 2.9e-05,
    "dm": 0.000665,
    "dn": 0.000111,
    "d ": 0.000881,
    "dy": 8.8e-05,
    "do": 0.011655,
    "hc": 1.8e-05,
    "hp": 6e-06,
    "hv": 1.2e-05,
    "hd": 1.8e-05,
    "hh": 0.0,
    "hk": 0.0,
    "ha": 0.003914,
    "hs": 4.1e-05,
    "hw": 1.2e-05,
    "hu": 0.000327,
    "hz": 0.0,
    "ht": 8.8e-05,
    "he": 0.001744,
    "hr": 0.00014,
    "hl": 4.1e-05,
    "hj": 0.0,
    "hb": 1.2e-05,
    "hx": 0.0,
    "hi": 0.000992,
    "hq": 6e-06,
    "hf": 1.2e-05,
    "hg": 0.0,
    "hm": 4.1e-05,
    "hn": 9.9e-05,
    "h ": 0.000426,
    "hy": 0.000193,
    "ho": 0.00168,
    "kc": 0.0,
    "kp": 0.0,
    "kv": 0.0,
    "kd": 1.8e-05,
    "kh": 3.5e-05,
    "kk": 1.2e-05,
    "ka": 0.000356,
    "ks": 8.2e-05,
    "kw": 3.5e-05,
    "ku": 7e-05,
    "kz": 0.0,
    "kt": 6e-06,
    "ke": 0.000245,
    "kr": 8.8e-05,
    "kl": 4.1e-05,
    "kj": 0.0,
    "kb": 0.0,
    "kx": 0.0,
    "ki": 0.000222,
    "kq": 0.0,
    "kf": 1.2e-05,
    "kg": 0.0,
    "km": 0.001219,
    "kn": 2.9e-05,
    "k ": 0.000379,
    "ky": 7.6e-05,
    "ko": 0.000117,
    "ac": 0.002298,
    "ap": 0.001243,
    "av": 0.001149,
    "ad": 0.009013,
    "ah": 0.000193,
    "ak": 0.000198,
    "aa": 0.000233,
    "as": 0.00686,
    "aw": 5.8e-05,
    "au": 0.000846,
    "az": 0.00049,
    "at": 0.004375,
    "ae": 0.001272,
    "ar": 0.007274,
    "al": 0.007467,
    "aj": 8.2e-05,
    "ab": 0.002106,
    "ax": 5.8e-05,
    "ai": 0.002246,
    "aq": 0.000158,
    "af": 0.000292,
    "ag": 0.001149,
    "am": 0.005373,
    "an": 0.010179,
    "a ": 0.040047,
    "ay": 0.000292,
    "ao": 0.001943,
    "sc": 0.001499,
    "sp": 0.001803,
    "sv": 5.3e-05,
    "sd": 0.000245,
    "sh": 0.000321,
    "sk": 0.000105,
    "sa": 0.002888,
    "ss": 0.002508,
    "sw": 3.5e-05,
    "su": 0.002147,
    "sz": 1.8e-05,
    "st": 0.008488,
    "se": 0.006102,
    "sr": 0.000327,
    "sl": 0.000175,
    "sj": 0.0,
    "sb": 0.000163,
    "sx": 0.0,
    "si": 0.003844,
    "sq": 0.00021,
    "sf": 7e-05,
    "sg": 4.7e-05,
    "sm": 0.000391,
    "sn": 0.000163,
    "s ": 0.017874,
    "sy": 7.6e-05,
    "so": 0.003109,
    "wc": 0.0,
    "wp": 0.0,
    "wv": 0.0,
    "wd": 6e-06,
    "wh": 4.1e-05,
    "wk": 6e-06,
    "wa": 0.000274,
    "ws": 3.5e-05,
    "ww": 1.8e-05,
    "wu": 6e-06,
    "wz": 0.0,
    "wt": 0.0,
    "we": 0.000128,
    "wr": 3.5e-05,
    "wl": 6e-06,
    "wj": 0.0,
    "wb": 1.2e-05,
    "wx": 1.2e-05,
    "wi": 0.000181,
    "wq": 0.0,
    "wf": 1.8e-05,
    "wg": 0.0,
    "wm": 0.0,
    "wn": 6.4e-05,
    "w ": 8.8e-05,
    "wy": 1.2e-05,
    "wo": 0.000163,
    "uc": 0.00042,
    "up": 0.000519,
    "uv": 0.000152,
    "ud": 0.000718,
    "uh": 2.9e-05,
    "uk": 2.3e-05,
    "ua": 0.002438,
    "us": 0.002048,
    "uw": 6e-06,
    "uu": 0.0,
    "uz": 0.000286,
    "ut": 0.001575,
    "ue": 0.002864,
    "ur": 0.002106,
    "ul": 0.002293,
    "uj": 7e-05,
    "ub": 0.000764,
    "ux": 7e-05,
    "ui": 0.001686,
    "uq": 3.5e-05,
    "uf": 8.2e-05,
    "ug": 0.00056,
    "um": 0.008039,
    "un": 0.003821,
    "u ": 0.002193,
    "uy": 4.1e-05,
    "uo": 0.000193,
    "zc": 0.0,
    "zp": 0.0,
    "zv": 6e-06,
    "zd": 0.0,
    "zh": 6e-06,
    "zk": 1.2e-05,
    "za": 0.001196,
    "zs": 0.0,
    "zw": 0.0,
    "zu": 0.000111,
    "zz": 7.6e-05,
    "zt": 6e-06,
    "ze": 0.000362,
    "zr": 6e-06,
    "zl": 1.2e-05,
    "zj": 0.0,
    "zb": 0.0,
    "zx": 0.0,
    "zi": 0.000263,
    "zq": 6e-06,
    "zf": 0.0,
    "zg": 6e-06,
    "zm": 1.2e-05,
    "zn": 6.4e-05,
    "z ": 0.000718,
    "zy": 3.5e-05,
    "zo": 0.000163,
    "tc": 8.8e-05,
    "tp": 4.1e-05,
    "tv": 0.000117,
    "td": 0.000158,
    "th": 0.000729,
    "tk": 1.8e-05,
    "ta": 0.008704,
    "ts": 0.000268,
    "tw": 4.1e-05,
    "tu": 0.002491,
    "tz": 5.8e-05,
    "tt": 0.00035,
    "te": 0.011294,
    "tr": 0.005373,
    "tl": 0.000327,
    "tj": 6e-06,
    "tb": 7e-05,
    "tx": 6e-06,
    "ti": 0.005349,
    "tq": 0.0,
    "tf": 4.1e-05,
    "tg": 4.7e-05,
    "tm": 9.3e-05,
    "tn": 0.000449,
    "t ": 0.001289,
    "ty": 0.000111,
    "to": 0.006108,
    "ec": 0.002083,
    "ep": 0.001493,
    "ev": 0.000858,
    "ed": 0.001365,
    "eh": 4.1e-05,
    "ek": 8.2e-05,
    "ea": 0.002363,
    "es": 0.013434,
    "ew": 0.000111,
    "eu": 0.001248,
    "ez": 0.00042,
    "et": 0.002112,
    "ee": 0.00028,
    "er": 0.008628,
    "el": 0.00434,
    "ej": 0.000228,
    "eb": 0.000706,
    "ex": 0.000904,
    "ei": 0.003063,
    "eq": 0.000315,
    "ef": 0.000432,
    "eg": 0.002234,
    "em": 0.005892,
    "en": 0.010629,
    "e ": 0.033117,
    "ey": 0.000222,
    "eo": 0.001062,
    "rc": 0.000881,
    "rp": 0.000286,
    "rv": 0.000315,
    "rd": 0.000928,
    "rh": 7e-05,
    "rk": 0.000111,
    "ra": 0.011451,
    "rs": 0.000817,
    "rw": 2.3e-05,
    "ru": 0.000904,
    "rz": 4.7e-05,
    "rt": 0.003646,
    "re": 0.008727,
    "rr": 0.001108,
    "rl": 0.000239,
    "rj": 1.2e-05,
    "rb": 0.000216,
    "rx": 2.3e-05,
    "ri": 0.007111,
    "rq": 0.000222,
    "rf": 8.8e-05,
    "rg": 0.000718,
    "rm": 0.001342,
    "rn": 0.001167,
    "r ": 0.005763,
    "ry": 0.00028,
    "ro": 0.006662,
    "lc": 0.000268,
    "lp": 0.000193,
    "lv": 0.000385,
    "ld": 0.000344,
    "lh": 0.000922,
    "lk": 5.3e-05,
    "la": 0.004766,
    "ls": 0.000257,
    "lw": 1.8e-05,
    "lu": 0.001283,
    "lz": 1.8e-05,
    "lt": 0.001108,
    "le": 0.004043,
    "lr": 4.7e-05,
    "ll": 0.001155,
    "lj": 5.3e-05,
    "lb": 0.000397,
    "lx": 9.9e-05,
    "li": 0.005273,
    "lq": 2.9e-05,
    "lf": 0.000193,
    "lg": 0.000286,
    "lm": 0.001196,
    "ln": 0.000163,
    "l ": 0.004533,
    "ly": 0.000152,
    "lo": 0.003144,
    "jc": 0.0,
    "jp": 1.8e-05,
    "jv": 6e-06,
    "jd": 0.0,
    "jh": 0.0,
    "jk": 0.0,
    "ja": 0.000665,
    "js": 1.2e-05,
    "jw": 0.0,
    "ju": 0.000589,
    "jz": 0.0,
    "jt": 0.0,
    "je": 0.000268,
    "jr": 4.7e-05,
    "jl": 1.8e-05,
    "jj": 0.0,
    "jb": 0.0,
    "jx": 0.0,
    "ji": 5.3e-05,