{
  "aa": 0.0003376044,
  "ab": 0.000969675,
  "ac": 0.0003698019,
  "ad": 0.00188152,
  "ae": 0.0002669576,
  "af": 0.003766165,
  "ag": 0.003650192,
  "ah": 0.000129415,
  "ai": 0.0002478892,
  "aj": 0.0001719282,
  "ak": 0.000972801,
  "al": 0.0052113,
  "am": 0.002404181,
  "an": 0.0121969,
  "ao": 0.00004032498,
  "ap": 0.0005417301,
  "aq": 0.000008752708,
  "ar": 0.007488254,
  "as": 0.001573924,
  "at": 0.006836177,
  "au": 0.0004529526,
  "av": 0.001623627,
  "aw": 0.00002750851,
  "ax": 0.00004813989,
  "ay": 0.0001003435,
  "az": 0.00004470133,
  "a ": 0.002624249,
  "ba": 0.00158299,
  "bb": 0.0001994367,
  "bc": 0.00002000619,
  "bd": 0.0002075642,
  "be": 0.004167227,
  "bf": 0.00001250387,
  "bg": 0.00002313216,
  "bh": 0.00001813061,
  "bi": 0.0008268183,
  "bj": 0.0001272269,
  "bk": 0.00004313835,
  "bl": 0.002214435,
  "bm": 0.0000475147,
  "bn": 0.0001528598,
  "bo": 0.001163798,
  "bp": 0.00001625503,
  "bq": 3.125967e-7,
  "br": 0.001683646,
  "bs": 0.0002006871,
  "bt": 0.0001719282,
  "bu": 0.0005873692,
  "bv": 0.000005939337,
  "bw": 0.000009065305,
  "bx": 9.377901e-7,
  "by": 0.0005089074,
  "bz": 3.125967e-7,
  "b ": 0.0005014051,
  "ca": 0.0003785546,
  "cb": 0.00001750542,
  "cc": 0.0001053451,
  "cd": 0.00002188177,
  "ce": 0.001215063,
  "cf": 0.000005939337,
  "cg": 0.000003125967,
  "ch": 0.0009596719,
  "ci": 0.000455766,
  "cj": 0.000001250387,
  "ck": 0.0002782111,
  "cl": 0.00009159084,
  "cm": 0.00002500774,
  "cn": 0.00001000309,
  "co": 0.0004507645,
  "cp": 0.000006877128,
  "cq": 0.000001562984,
  "cr": 0.00008877747,
  "cs": 0.00006095636,
  "ct": 0.0002019375,
  "cu": 0.00006502012,
  "cv": 0.000006251934,
  "cw": 9.377901e-7,
  "cx": 0,
  "cy": 0.00007908697,
  "cz": 0.000002500774,
  "c ": 0.0002291334,
  "da": 0.003464509,
  "db": 0.00047671,
  "dc": 0.00005376663,
  "dd": 0.0006880254,
  "de": 0.02444069,
  "df": 0.0002669576,
  "dg": 0.0003204116,
  "dh": 0.0002106902,
  "di": 0.00198749,
  "dj": 0.0001428567,
  "dk": 0.0003169731,
  "dl": 0.0009018415,
  "dm": 0.0002803992,
  "dn": 0.0004426369,
  "do": 0.0008590158,
  "dp": 0.00009377901,
  "dq": 0.000001250387,
  "dr": 0.001729285,
  "ds": 0.002819935,
  "dt": 0.002041257,
  "du": 0.0005235995,
  "dv": 0.0005204735,
  "dw": 0.00001688022,
  "dx": 0,
  "dy": 0.0001853698,
  "dz": 0.000004063757,
  "d ": 0.007755524,
  "ea": 0.0006064376,
  "eb": 0.0006892757,
  "ec": 0.0003047818,
  "ed": 0.008612977,
  "ee": 0.0003657382,
  "ef": 0.001346667,
  "eg": 0.002402306,
  "eh": 0.0005232869,
  "ei": 0.0002822748,
  "ej": 0.001651448,
  "ek": 0.00151922,
  "el": 0.00658485,
  "em": 0.003064386,
  "en": 0.02472296,
  "eo": 0.0002422624,
  "ep": 0.0005223491,
  "eq": 0.000006877128,
  "er": 0.03208962,
  "es": 0.005162222,
  "et": 0.01185648,
  "eu": 0.0003466698,
  "ev": 0.001736475,
  "ew": 0.00008408851,
  "ex": 0.00009565459,
  "ey": 0.00008502631,
  "ez": 0.0000284463,
  "e ": 0.02984298,
  "fa": 0.00117974,
  "fb": 0.0000381368,
  "fc": 0.00009346642,
  "fd": 0.0001572361,
  "fe": 0.001041885,
  "ff": 0.0003938719,
  "fg": 0.0001437945,
  "fh": 0.00005376663,
  "fi": 0.001273206,
  "fj": 0.0001190993,
  "fk": 0.00004032498,
  "fl": 0.001426691,
  "fm": 0.00002719591,
  "fn": 0.00008721448,
  "fo": 0.00651389,
  "fp": 0.00002625812,
  "fq": 3.125967e-7,
  "fr": 0.003212556,
  "fs": 0.0002106902,
  "ft": 0.001520158,
  "fu": 0.0003272888,
  "fv": 0.00007346023,
  "fw": 3.125967e-7,
  "fx": 0.000006251934,
  "fy": 0.0002169421,
  "fz": 3.125967e-7,
  "f ": 0.00304688,
  "ga": 0.001463265,
  "gb": 0.00008940266,
  "gc": 0.00001312906,
  "gd": 0.0003004054,
  "ge": 0.0113185,
  "gf": 0.00008940266,
  "gg": 0.0006392603,
  "gh": 0.0006089384,
  "gi": 0.001020941,
  "gj": 0.0001334788,
  "gk": 0.00005751779,
  "gl": 0.0007721139,
  "gm": 0.0001497338,
  "gn": 0.0007589848,
  "go": 0.0006183163,
  "gp": 0.00004970288,
  "gq": 3.125967e-7,
  "gr": 0.001724909,
  "gs": 0.001725221,
  "gt": 0.001822126,
  "gu": 0.0002453884,
  "gv": 0.0001169112,
  "gw": 0.000007189724,
  "gx": 3.125967e-7,
  "gy": 0.000155048,
  "gz": 3.125967e-7,
  "g ": 0.01103842,
  "ha": 0.005436682,
  "hb": 0.00007346023,
  "hc": 0.00001281647,
  "hd": 0.00001969359,
  "he": 0.002906212,
  "hf": 0.00001719282,
  "hg": 0.000006251934,
  "hh": 0.000004688951,
  "hi": 0.0003663633,
  "hj": 0.0007086567,
  "hk": 0.00002657072,
  "hl": 0.00007002166,
  "hm": 0.00004251315,
  "hn": 0.000303844,
  "ho": 0.001651136,
  "hp": 0.00001500464,
  "hq": 9.377901e-7,
  "hr": 0.0003663633,
  "hs": 0.00003719901,
  "ht": 0.00004532652,
  "hu": 0.0008655803,
  "hv": 0.001621439,
  "hw": 0.00002438254,
  "hx": 9.377901e-7,
  "hy": 0.00007189724,
  "hz": 9.377901e-7,
  "h ": 0.0002588301,
  "ia": 0.0007818044,
  "ib": 0.0003122841,
  "ic": 0.0005501702,
  "id": 0.002856196,
  "ie": 0.001653949,
  "if": 0.0006436366,
  "ig": 0.006762405,
  "ih": 0.00004657691,
  "ii": 0.00005751779,
  "ij": 0.00002063138,
  "ik": 0.003576419,
  "il": 0.007261309,
  "im": 0.0006580161,
  "in": 0.008518886,
  "io": 0.001619876,
  "ip": 0.00019381,
  "iq": 0.000009065305,
  "ir": 0.001184742,
  "is": 0.004017493,
  "it": 0.001847134,
  "iu": 0.00005220365,
  "iv": 0.002006871,
  "iw": 0.000005314144,
  "ix": 0.00003094707,
  "iy": 0.000005939337,
  "iz": 0.00004438873,
  "i ": 0.007697694,
  "ja": 0.0004135654,
  "jb": 0.00002000619,
  "jc": 0.000003438564,
  "jd": 0.0005064067,
  "je": 0.002410433,
  "jf": 0.000009690498,
  "jg": 0.00001156608,
  "jh": 0.000008127514,
  "ji": 0.00003469823,
  "jj": 0.00000187558,
  "jk": 0.00005439183,
  "jl": 0.0004057505,
  "jm": 0.00001187867,
  "jn": 0.0000384494,
  "jo": 0.0005751779,
  "jp": 0.00001437945,
  "jq": 0,
  "jr": 0.0003554225,
  "js": 0.0001459827,
  "jt": 0.00004939028,
  "ju": 0.0002904023,
  "jv": 0.00002969669,
  "jw": 0,
  "jx": 0,
  "jy": 0.0001237883,
  "jz": 6.251934e-7,
  "j ": 0.0003326029,
  "ka": 0.003964039,
  "kb": 0.0003310399,
  "kc": 0.000008440111,
  "kd": 0.00009034045,
  "ke": 0.006978722,
  "kf": 0.00005126586,
  "kg": 0.00002469514,
  "kh": 0.0000572052,
  "ki": 0.0007333519,
  "kj": 0.00008096255,
  "kk": 0.002842754,
  "kl": 0.001311968,
  "km": 0.0001209749,
  "kn": 0.000418567,
  "ko": 0.002855258,
  "kp": 0.00002500774,
  "kq": 0,
  "kr": 0.002059075,
  "ks": 0.001096277,
  "kt": 0.001315094,
  "ku": 0.001473581,
  "kv": 0.0003785546,
  "kw": 0.000005626741,
  "kx": 0,
  "ky": 0.0002210059,
  "kz": 0,
  "k ": 0.00231259,
  "la": 0.003979669,
  "lb": 0.0007292881,
  "lc": 0.00003719901,
  "ld": 0.00267364,
  "le": 0.008898065,
  "lf": 0.0003075952,
  "lg": 0.001203185,
  "lh": 0.00008971526,
  "li": 0.006272566,
  "lj": 0.0001781801,
  "lk": 0.0005157846,
  "ll": 0.004026558,
  "lm": 0.0003938719,
  "ln": 0.000341043,
  "lo": 0.00115442,
  "lp": 0.0002013123,
  "lq": 0.000005626741,
  "lr": 0.0003344785,
  "ls": 0.002533909,
  "lt": 0.001315407,
  "lu": 0.0008808975,
  "lv": 0.0007583596,
  "lw": 0.000006564531,
  "lx": 3.125967e-7,
  "ly": 0.0007074064,
  "lz": 0.000006251934,
  "l ": 0.006516391,
  "ma": 0.003701458,
  "mb": 0.0003025936,
  "mc": 0.00004438873,
  "md": 0.0003313525,
  "me": 0.008464494,
  "mf": 0.0001556732,
  "mg": 0.0001300402,
  "mh": 0.0002347601,
  "mi": 0.002276954,
  "mj": 0.00001250387,
  "mk": 0.000192247,
  "ml": 0.0007108449,
  "mm": 0.002274454,
  "mn": 0.0003704271,
  "mo": 0.001260077,
  "mp": 0.0008383844,
  "mq": 6.251934e-7,
  "mr": 0.0003823058,
  "ms": 0.0005895574,
  "mt": 0.0005617363,
  "mu": 0.0008987155,
  "mv": 0.00004032498,
  "mw": 0.00002281956,
  "mx": 0.000004688951,
  "my": 0.00009409161,
  "mz": 0,
  "m ": 0.004496078,
  "na": 0.001489836,
  "nb": 0.0002385113,
  "nc": 0.0005145342,
  "nd": 0.01047699,
  "ne": 0.008541392,
  "nf": 0.0003019684,
  "ng": 0.006293197,
  "nh": 0.0005226617,
  "ni": 0.002884017,
  "nj": 0.0001241009,
  "nk": 0.001048762,
  "nl": 0.0003679263,
  "nm": 0.000510783,
  "nn": 0.00128571,
  "no": 0.001440133,
  "np": 0.0001194119,
  "nq": 0.000001250387,
  "nr": 0.0006205045,