{
  "aa": 0.00007196313,
  "ab": 0.001146417,
  "ac": 0.002255236,
  "ad": 0.00102687,
  "ae": 0.00006373878,
  "af": 0.0006714601,
  "ag": 0.001671895,
  "ah": 0.0002599485,
  "ai": 0.008371809,
  "aj": 0.0002144208,
  "ak": 0.0001374643,
  "al": 0.004596829,
  "am": 0.001817877,
  "an": 0.01079858,
  "ao": 0.000160375,
  "ap": 0.001556166,
  "aq": 0.0002349817,
  "ar": 0.006379752,
  "as": 0.002938446,
  "at": 0.005425433,
  "au": 0.005215124,
  "av": 0.002583036,
  "aw": 0.0000596266,
  "ax": 0.00009634248,
  "ay": 0.0005386955,
  "az": 0.0001207218,
  "a ": 0.01044523,
  "ba": 0.00121603,
  "bb": 0.00004963988,
  "bc": 0.00005022733,
  "bd": 0.00004053434,
  "be": 0.0008676698,
  "bf": 0.000003818452,
  "bg": 0.000002643544,
  "bh": 0.000008224358,
  "bi": 0.0009654809,
  "bj": 0.00007578159,
  "bk": 0.000004112179,
  "bl": 0.001725353,
  "bm": 0.00001351145,
  "bn": 0.00007431295,
  "bo": 0.000906148,
  "bp": 0.00001997344,
  "bq": 0.000001762362,
  "br": 0.00100719,
  "bs": 0.0001550879,
  "bt": 0.0001077978,
  "bu": 0.0005842232,
  "bv": 0.00001057417,
  "bw": 0.000001468635,
  "bx": 5.874542e-7,
  "by": 0.00004141552,
  "bz": 0.000001468635,
  "b ": 0.0001715366,
  "ca": 0.002464664,
  "cb": 0.00001233654,
  "cc": 0.0006356254,
  "cd": 0.0001404015,
  "ce": 0.006541889,
  "cf": 0.00003730334,
  "cg": 0.00002026717,
  "ch": 0.003648971,
  "ci": 0.002330431,
  "cj": 0.000002643544,
  "ck": 0.0002106023,
  "cl": 0.0009264152,
  "cm": 0.00002878525,
  "cn": 0.00006755723,
  "co": 0.00615417,
  "cp": 0.00001351145,
  "cq": 0.00006579487,
  "cr": 0.001133787,
  "cs": 0.000252899,
  "ct": 0.002083406,
  "cu": 0.001049781,
  "cv": 0.000004699633,
  "cw": 2.937271e-7,
  "cx": 5.874542e-7,
  "cy": 0.00005228342,
  "cz": 0.000004112179,
  "c ": 0.001602869,
  "da": 0.00350152,
  "db": 0.000207665,
  "dc": 0.0005592564,
  "dd": 0.00006785095,
  "de": 0.01744005,
  "df": 0.0002549551,
  "dg": 0.0001145536,
  "dh": 0.0002067839,
  "di": 0.003737971,
  "dj": 0.0001988532,
  "dk": 0.000001762362,
  "dl": 0.0001847543,
  "dm": 0.0002470245,
  "dn": 0.00007196313,
  "do": 0.001679238,
  "dp": 0.0003427795,
  "dq": 0.00001263026,
  "dr": 0.001254508,
  "ds": 0.0005043294,
  "dt": 0.0002608296,
  "du": 0.003757063,
  "dv": 0.0001865167,
  "dw": 0.000009105539,
  "dx": 8.811812e-7,
  "dy": 0.0000704945,
  "dz": 0.000003818452,
  "d ": 0.001422227,
  "ea": 0.001181664,
  "eb": 0.0002029654,
  "ec": 0.002597429,
  "ed": 0.000737255,
  "ee": 0.0003007765,
  "ef": 0.0005290025,
  "eg": 0.0002135396,
  "eh": 0.00004875869,
  "ei": 0.0009672433,
  "ej": 0.0001292399,
  "ek": 0.00006902586,
  "el": 0.004198535,
  "em": 0.004368015,
  "en": 0.01575111,
  "eo": 0.0001633123,
  "ep": 0.001114694,
  "eq": 0.00008371222,
  "er": 0.01000082,
  "es": 0.0187953,
  "et": 0.005929468,
  "eu": 0.005790242,
  "ev": 0.0009011547,
  "ew": 0.00008870558,
  "ex": 0.0009690056,
  "ey": 0.0001104414,
  "ez": 0.0003586408,
  "e ": 0.04610076,
  "fa": 0.001901002,
  "fb": 0.000003818452,
  "fc": 0.00003260371,
  "fd": 0.00008018749,
  "fe": 0.0008568019,
  "ff": 0.001159047,
  "fg": 0.00002379189,
  "fh": 5.874542e-7,
  "fi": 0.001944767,
  "fj": 0.000003230998,
  "fk": 5.874542e-7,
  "fl": 0.000243206,
  "fm": 0.00002937271,
  "fn": 0.000008518085,
  "fo": 0.001385217,
  "fp": 0.00004963988,
  "fq": 8.811812e-7,
  "fr": 0.001406953,
  "fs": 0.0001380517,
  "ft": 0.0000704945,
  "fu": 0.0002314569,
  "fv": 0.00004846497,
  "fw": 2.937271e-7,
  "fx": 2.937271e-7,
  "fy": 0.000001468635,
  "fz": 2.937271e-7,
  "f ": 0.000435891,
  "ga": 0.001257152,
  "gb": 0.00001615499,
  "gc": 0.00001556754,
  "gd": 0.0000205609,
  "ge": 0.002225864,
  "gf": 0.000005287087,
  "gg": 0.00003642216,
  "gh": 0.0001025107,
  "gi": 0.0008662011,
  "gj": 8.811812e-7,
  "gk": 0.000006168269,
  "gl": 0.0002649418,
  "gm": 0.0001001609,
  "gn": 0.0009916226,
  "go": 0.0005243028,
  "gp": 0.00001380517,
  "gq": 5.874542e-7,
  "gr": 0.001320303,
  "gs": 0.00009252403,
  "gt": 0.0001201344,
  "gu": 0.0005874542,
  "gv": 0.000005874542,
  "gw": 0.000001762362,
  "gx": 0,
  "gy": 0.0000281978,
  "gz": 8.811812e-7,
  "g ": 0.0004461714,
  "ha": 0.001846075,
  "hb": 0.00001644872,
  "hc": 0.00001791735,
  "hd": 0.0000205609,
  "he": 0.001726528,
  "hf": 0.000002937271,
  "hg": 0.000002349817,
  "hh": 0.000002643544,
  "hi": 0.0007989376,
  "hj": 0.000006168269,
  "hk": 0.000005287087,
  "hl": 0.00006931959,
  "hm": 0.00008224358,
  "hn": 0.0001624311,
  "ho": 0.0009737053,
  "hp": 0.00004082806,
  "hq": 0.00001703617,
  "hr": 0.0001856355,
  "hs": 0.0001257152,
  "ht": 0.0001098539,
  "hu": 0.0003095883,
  "hv": 0.000008224358,
  "hw": 0.00001057417,
  "hx": 0,
  "hy": 0.0000749004,
  "hz": 0.000004699633,
  "h ": 0.0005783486,
  "ia": 0.001291224,
  "ib": 0.0006573612,
  "ic": 0.002707576,
  "id": 0.001284469,
  "ie": 0.005872779,
  "if": 0.000938458,
  "ig": 0.001090021,
  "ih": 0.0000173299,
  "ii": 0.00005257715,
  "ij": 0.00003436607,
  "ik": 0.0000608015,
  "il": 0.004863827,
  "im": 0.001795847,
  "in": 0.007387236,
  "io": 0.005168422,
  "ip": 0.000612421,
  "iq": 0.001575552,
  "ir": 0.004594479,
  "is": 0.008363879,
  "it": 0.007309105,
  "iu": 0.00005698305,
  "iv": 0.001290931,
  "iw": 0.000007343177,
  "ix": 0.00036804,
  "iy": 0.000008811812,
  "iz": 0.00008958676,
  "i ": 0.004534265,
  "ja": 0.0004452902,
  "jb": 8.811812e-7,
  "jc": 0.000004112179,
  "jd": 0.000005580814,
  "je": 0.001142011,
  "jf": 5.874542e-7,
  "jg": 8.811812e-7,
  "jh": 5.874542e-7,
  "ji": 0.00003201625,
  "jj": 0.000001762362,
  "jk": 0.00000205609,
  "jl": 0.000003818452,
  "jm": 0.000004112179,
  "jn": 0,
  "jo": 0.001209274,
  "jp": 0.000003524725,
  "jq": 2.937271e-7,
  "jr": 0.0000217358,
  "js": 0.000009399266,
  "jt": 0.00001233654,
  "ju": 0.0005651309,
  "jv": 2.937271e-7,
  "jw": 0,
  "jx": 0,
  "jy": 0.000001174908,
  "jz": 0,
  "j ": 0.0001530318,
  "ka": 0.000170068,
  "kb": 0.000007343177,
  "kc": 0.000005287087,
  "kd": 0.000005580814,
  "ke": 0.0001973846,
  "kf": 0.00000205609,
  "kg": 0.000006755723,
  "kh": 0.0000531646,
  "ki": 0.0001947411,
  "kj": 5.874542e-7,
  "kk": 0.000008224358,
  "kl": 0.00002672916,
  "km": 0.00003084134,
  "kn": 0.000009986721,
  "ko": 0.0001577314,
  "kp": 0.000005874542,
  "kq": 0,
  "kr": 0.00002261698,
  "ks": 0.00003935943,
  "kt": 0.000009105539,
  "ku": 0.00001938599,
  "kv": 0.000003230998,
  "kw": 0.000003230998,
  "kx": 2.937271e-7,
  "ky": 0.00002526053,
  "kz": 0,
  "k ": 0.0002714038,
  "la": 0.01002021,
  "lb": 0.00009134912,
  "lc": 0.0002288134,
  "ld": 0.0001586126,
  "le": 0.01637675,
  "lf": 0.00004141552,
  "lg": 0.0003671588,
  "lh": 0.000230282,
  "li": 0.004837097,
  "lj": 0.00001674244,
  "lk": 0.00002702289,
  "ll": 0.00389159,
  "lm": 0.0003222186,
  "ln": 0.00005815796,
  "lo": 0.002807737,
  "lp": 0.0001318835,
  "lq": 0.0002581861,
  "lr": 0.0001227779,
  "ls": 0.000742542,
  "lt": 0.0005354645,
  "lu": 0.002328668,
  "lv": 0.0001806422,
  "lw": 0.00000499336,
  "lx": 0.000001174908,
  "ly": 0.0002341005,
  "lz": 0.000005874542,
  "l ": 0.003821977,
  "ma": 0.004654693,
  "mb": 0.000896455,
  "mc": 0.00006814468,
  "md": 0.0001891602,
  "me": 0.006847366,
  "mf": 0.00001116163,
  "mg": 0.00001380517,
  "mh": 0.000009399266,
  "mi": 0.003008353,
  "mj": 0.000004112179,
  "mk": 0.000002349817,
  "ml": 0.00009017421,
  "mm": 0.001971496,
  "mn": 0.0001486259,
  "mo": 0.002169174,
  "mp": 0.001801428,
  "mq": 0.000003524725,
  "mr": 0.0002881463,
  "ms": 0.0001318835,
  "mt": 0.0001685993,
  "mu": 0.0004726069,
  "mv": 0.000005580814,
  "mw": 0.0000108679,
  "mx": 8.811812e-7,
  "my": 0.00003994688,
  "mz": 0.000001468635,
  "m ": 0.000737255,
  "na": 0.003351132,
  "nb": 0.0000455277,
  "nc": 0.00364809,
  "nd": 0.003657783,
  "ne": 0.007572871,
  "nf": 0.0006876151,
  "ng": 0.00109942,
  "nh": 0.00004934615,
  "ni": 0.002871182,
  "nj": 0.00008635576,
  "nk": 0.00006256387,
  "nl": 0.0002232326,
  "nm": 0.0001139661,
  "nn": 0.002348642,
  "no": 0.00266851,