{
  "total_count": 206202,
  "probabilities": {
    "cc": 0.000204,
    "cp": 1.5e-05,
    "cv": 1e-05,
    "cd": 2.9e-05,
    "ch": 0.002047,
    "ck": 0.000349,
    "ca": 0.001426,
    "cs": 0.002677,
    "cw": 5e-06,
    "cu": 0.000276,
    "cz": 5.3e-05,
    "ct": 0.000276,
    "ce": 0.001886,
    "cr": 0.000315,
    "cl": 0.000252,
    "cj": 1e-05,
    "cb": 6.3e-05,
    "cx": 0.0,
    "ci": 0.002241,
    "cq": 0.000131,
    "cf": 1.9e-05,
    "cg": 5.3e-05,
    "cm": 0.000252,
    "cn": 2.9e-05,
    "c ": 0.000679,
    "cy": 9.7e-05,
    "co": 0.001421,
    "pc": 7.8e-05,
    "pp": 0.000213,
    "pv": 0.000194,
    "pd": 1.5e-05,
    "ph": 0.000335,
    "pk": 0.000175,
    "pa": 0.001765,
    "ps": 0.000432,
    "pw": 0.0,
    "pu": 0.000306,
    "pz": 4.8e-05,
    "pt": 0.0008,
    "pe": 0.001566,
    "pr": 0.000897,
    "pl": 0.002784,
    "pj": 0.000267,
    "pb": 5.8e-05,
    "px": 5e-06,
    "pi": 0.001193,
    "pq": 0.0,
    "pf": 6.8e-05,
    "pg": 0.0,
    "pm": 1.9e-05,
    "pn": 0.00017,
    "p ": 0.000407,
    "py": 3.4e-05,
    "po": 0.001756,
    "vc": 3.9e-05,
    "vp": 0.0,
    "vv": 6.3e-05,
    "vd": 0.000223,
    "vh": 4.4e-05,
    "vk": 0.000199,
    "va": 0.002924,
    "vs": 0.000315,
    "vw": 0.0,
    "vu": 5.8e-05,
    "vz": 0.000175,
    "vt": 0.000281,
    "ve": 0.003322,
    "vr": 0.001499,
    "vl": 0.000742,
    "vj": 0.000116,
    "vb": 0.00016,
    "vx": 0.0,
    "vi": 0.003026,
    "vq": 1.5e-05,
    "vf": 4.4e-05,
    "vg": 0.000267,
    "vm": 1.9e-05,
    "vn": 0.000616,
    "v ": 0.000858,
    "vy": 4.8e-05,
    "vo": 0.001416,
    "dc": 1.9e-05,
    "dp": 4.8e-05,
    "dv": 0.00015,
    "dd": 0.000112,
    "dh": 4.8e-05,
    "dk": 0.000252,
    "da": 0.002808,
    "ds": 0.000718,
    "dw": 4.4e-05,
    "du": 0.000577,
    "dz": 0.000223,
    "dt": 0.000475,
    "de": 0.003666,
    "dr": 0.000761,
    "dl": 0.000407,
    "dj": 0.001246,
    "db": 0.000233,
    "dx": 0.0,
    "di": 0.001964,
    "dq": 0.0,
    "df": 5.8e-05,
    "dg": 4.4e-05,
    "dm": 0.000141,
    "dn": 0.000364,
    "d ": 0.002245,
    "dy": 5.3e-05,
    "do": 0.001465,
    "hc": 2.4e-05,
    "hp": 2.4e-05,
    "hv": 5.8e-05,
    "hd": 5.3e-05,
    "hh": 1.9e-05,
    "hk": 1.5e-05,
    "ha": 0.004617,
    "hs": 5.8e-05,
    "hw": 4.8e-05,
    "hu": 0.000349,
    "hz": 0.000344,
    "ht": 0.000291,
    "he": 0.002769,
    "hr": 0.000529,
    "hl": 0.000281,
    "hj": 2.9e-05,
    "hb": 0.000116,
    "hx": 0.0,
    "hi": 0.000907,
    "hq": 5e-06,
    "hf": 0.0,
    "hg": 2.9e-05,
    "hm": 6.8e-05,
    "hn": 0.000233,
    "h ": 0.000538,
    "hy": 0.000131,
    "ho": 0.001954,
    "kc": 8.2e-05,
    "kp": 0.000388,
    "kv": 0.000364,
    "kd": 0.00015,
    "kh": 0.000403,
    "kk": 0.001853,
    "ka": 0.003176,
    "ks": 0.000839,
    "kw": 0.0,
    "ku": 0.000926,
    "kz": 0.003244,
    "kt": 0.000786,
    "ke": 0.004287,
    "kr": 0.001048,
    "kl": 0.000761,
    "kj": 9.2e-05,
    "kb": 0.000708,
    "kx": 0.0,
    "ki": 0.002177,
    "kq": 0.0,
    "kf": 0.000126,
    "kg": 3.9e-05,
    "km": 0.000301,
    "kn": 0.000868,
    "k ": 0.010509,
    "ky": 7.8e-05,
    "ko": 0.004311,
    "ac": 0.001285,
    "ap": 0.001629,
    "av": 0.000902,
    "ad": 0.002148,
    "ah": 0.000349,
    "ak": 0.007624,
    "aa": 0.000145,
    "as": 0.003506,
    "aw": 7.3e-05,
    "au": 0.001591,
    "az": 0.004559,
    "at": 0.006392,
    "ae": 0.00079,
    "ar": 0.007308,
    "al": 0.008249,
    "aj": 0.001872,
    "ab": 0.001266,
    "ax": 6.8e-05,
    "ai": 0.005451,
    "aq": 2.4e-05,
    "af": 0.000524,
    "ag": 0.002866,
    "am": 0.003327,
    "an": 0.013249,
    "a ": 0.022269,
    "ay": 0.000519,
    "ao": 0.001091,
    "sc": 0.000752,
    "sp": 0.000892,
    "sv": 0.000412,
    "sd": 0.000184,
    "sh": 0.000436,
    "sk": 0.000732,
    "sa": 0.006358,
    "ss": 0.002245,
    "sw": 5.3e-05,
    "su": 0.000849,
    "sz": 0.016595,
    "st": 0.0034,
    "se": 0.003618,
    "sr": 0.000582,
    "sl": 0.000664,
    "sj": 5.8e-05,
    "sb": 0.001009,
    "sx": 0.0,
    "si": 0.001853,
    "sq": 4.8e-05,
    "sf": 0.00016,
    "sg": 0.003269,
    "sm": 0.000441,
    "sn": 0.000533,
    "s ": 0.017095,
    "sy": 0.000107,
    "so": 0.001891,
    "wc": 0.0,
    "wp": 5e-06,
    "wv": 0.0,
    "wd": 0.0,
    "wh": 6.3e-05,
    "wk": 1e-05,
    "wa": 0.000407,
    "ws": 1.5e-05,
    "ww": 2.4e-05,
    "wu": 1e-05,
    "wz": 0.0,
    "wt": 3.4e-05,
    "we": 0.000257,
    "wr": 5.8e-05,
    "wl": 5e-06,
    "wj": 0.0,
    "wb": 0.0,
    "wx": 0.0,
    "wi": 0.000252,
    "wq": 0.0,
    "wf": 1e-05,
    "wg": 0.0,
    "wm": 0.0,
    "wn": 3.9e-05,
    "w ": 0.000131,
    "wy": 1e-05,
    "wo": 7.3e-05,
    "uc": 0.000378,
    "up": 0.000189,
    "uv": 0.000213,
    "ud": 0.000611,
    "uh": 8.2e-05,
    "uk": 0.000349,
    "ua": 0.000199,
    "us": 0.002764,
    "uw": 2.9e-05,
    "uu": 5e-06,
    "uz": 0.000213,
    "ut": 0.001295,
    "ue": 0.000815,
    "ur": 0.003254,
    "ul": 0.001479,
    "uj": 3.9e-05,
    "ub": 0.00032,
    "ux": 0.000344,
    "ui": 0.000456,
    "uq": 5e-06,
    "uf": 4.8e-05,
    "ug": 0.000732,
    "um": 0.000723,
    "un": 0.000883,
    "u ": 0.000524,
    "uy": 5.8e-05,
    "uo": 2.4e-05,
    "zc": 6.8e-05,
    "zp": 0.000378,
    "zv": 0.000349,
    "zd": 0.000451,
    "zh": 8.7e-05,
    "zk": 0.000921,
    "za": 0.002289,
    "zs": 0.003007,
    "zw": 4.8e-05,
    "zu": 0.00031,
    "zz": 0.000378,
    "zt": 0.003123,
    "ze": 0.004709,
    "zr": 0.000572,
    "zl": 0.001028,
    "zj": 0.000194,
    "zb": 0.000179,
    "zx": 5e-06,
    "zi": 0.002042,
    "zq": 0.0,
    "zf": 9.2e-05,
    "zg": 0.002842,
    "zm": 0.002168,
    "zn": 0.001149,
    "z ": 0.005941,
    "zy": 7.3e-05,
    "zo": 0.001814,
    "tc": 0.000175,
    "tp": 0.000276,
    "tv": 0.000742,
    "td": 0.000233,
    "th": 0.001086,
    "tk": 0.001353,
    "ta": 0.005931,
    "ts": 0.001862,
    "tw": 1.9e-05,
    "tu": 0.00079,
    "tz": 0.000233,
    "tt": 0.0045,
    "te": 0.008657,
    "tr": 0.004229,
    "tl": 0.002095,
    "tj": 0.000795,
    "tb": 0.000863,
    "tx": 0.0,
    "ti": 0.003463,
    "tq": 1e-05,
    "tf": 0.00016,
    "tg": 0.000296,
    "tm": 0.000315,
    "tn": 0.001023,
    "t ": 0.012468,
    "ty": 0.000296,
    "to": 0.004714,
    "ec": 0.00114,
    "ep": 0.002755,
    "ev": 0.001528,
    "ed": 0.001741,
    "eh": 0.000533,
    "ek": 0.004112,
    "ea": 0.000815,
    "es": 0.006387,
    "ew": 0.000116,
    "eu": 0.000931,
    "ez": 0.002633,
    "et": 0.007483,
    "ee": 0.000301,
    "er": 0.009864,
    "el": 0.012856,
    "ej": 0.000495,
    "eb": 0.000747,
    "ex": 0.000126,
    "ei": 0.001295,
    "eq": 1.9e-05,
    "ef": 0.000359,
    "eg": 0.007216,
    "em": 0.003007,
    "en": 0.010684,
    "e ": 0.01015,
    "ey": 0.000335,
    "eo": 0.000325,
    "rc": 0.00096,
    "rp": 0.000339,
    "rv": 0.000873,
    "rd": 0.001237,
    "rh": 0.000306,
    "rk": 0.000839,
    "ra": 0.005524,
    "rs": 0.005718,
    "rw": 1.5e-05,
    "ru": 0.000674,
    "rz": 0.000582,
    "rt": 0.00404,
    "re": 0.006057,
    "rr": 0.000781,
    "rl": 0.001969,
    "rj": 0.000296,
    "rb": 0.000824,
    "rx": 5e-06,
    "ri": 0.004234,
    "rq": 2.9e-05,
    "rf": 0.000276,
    "rg": 0.001886,
    "rm": 0.00194,
    "rn": 0.001499,
    "r ": 0.005097,
    "ry": 0.000407,
    "ro": 0.005989,
    "lc": 0.00031,
    "lp": 0.000242,
    "lv": 0.000684,
    "ld": 0.001465,
    "lh": 0.000723,
    "lk": 0.001571,
    "la": 0.008758,
    "ls": 0.003545,
    "lw": 1e-05,
    "lu": 0.000781,
    "lz": 0.000242,
    "lt": 0.003705,
    "le": 0.009607,
    "lr": 0.000213,
    "ll": 0.005485,
    "lj": 0.000364,
    "lb": 0.000757,
    "lx": 1e-05,
    "li": 0.003463,
    "lq": 5e-06,
    "lf": 0.000242,
    "lg": 0.000912,
    "lm": 0.001009,
    "ln": 0.000892,
    "l ": 0.007541,
    "ly": 0.003613,
    "lo": 0.003089,
    "jc": 6.8e-05,
    "jp": 1.5e-05,
    "jv": 7.3e-05,
    "jd": 0.000335,
    "jh": 8.7e-05,
    "jk": 0.000233,
    "ja": 0.003249,