{
  "total_count": 173161,
  "probabilities": {
    "cc": 0.000508,
    "cp": 4e-05,
    "cv": 6e-06,
    "cd": 2.9e-05,
    "ch": 0.001802,
    "ck": 0.000398,
    "ca": 0.007063,
    "cs": 0.000139,
    "cw": 0.0,
    "cu": 0.002281,
    "cz": 6e-06,
    "ct": 0.001767,
    "ce": 0.002755,
    "cr": 0.001161,
    "cl": 0.000624,
    "cj": 0.0,
    "cb": 0.0,
    "cx": 0.0,
    "ci": 0.00965,
    "cq": 6e-06,
    "cf": 1.2e-05,
    "cg": 1.7e-05,
    "cm": 9.2e-05,
    "cn": 0.000162,
    "c ": 0.000462,
    "cy": 1.7e-05,
    "co": 0.009581,
    "pc": 8.7e-05,
    "pp": 3.5e-05,
    "pv": 6e-06,
    "pd": 6e-06,
    "ph": 0.000173,
    "pk": 0.0,
    "pa": 0.00451,
    "ps": 0.000162,
    "pw": 0.0,
    "pu": 0.001011,
    "pz": 6e-06,
    "pt": 0.00041,
    "pe": 0.00365,
    "pr": 0.003378,
    "pl": 0.000612,
    "pj": 0.0,
    "pb": 0.000208,
    "px": 0.0,
    "pi": 0.002125,
    "pq": 6e-06,
    "pf": 0.0,
    "pg": 1.7e-05,
    "pm": 1.2e-05,
    "pn": 5.2e-05,
    "p ": 0.000162,
    "py": 3.5e-05,
    "po": 0.005053,
    "vc": 2.9e-05,
    "vp": 0.0,
    "vv": 1.2e-05,
    "vd": 1.7e-05,
    "vh": 0.0,
    "vk": 0.0,
    "va": 0.001617,
    "vs": 4e-05,
    "vw": 0.0,
    "vu": 5.8e-05,
    "vz": 0.0,
    "vt": 0.0,
    "ve": 0.001646,
    "vr": 4.6e-05,
    "vl": 2.3e-05,
    "vj": 0.0,
    "vb": 6e-06,
    "vx": 0.0,
    "vi": 0.002553,
    "vq": 0.0,
    "vf": 0.0,
    "vg": 6e-06,
    "vm": 0.0,
    "vn": 6.4e-05,
    "v ": 0.000121,
    "vy": 3.5e-05,
    "vo": 0.000774,
    "dc": 9.8e-05,
    "dp": 2.3e-05,
    "dv": 1.2e-05,
    "dd": 8.7e-05,
    "dh": 4e-05,
    "dk": 0.0,
    "da": 0.006312,
    "ds": 6.9e-05,
    "dw": 4e-05,
    "du": 0.000855,
    "dz": 4e-05,
    "dt": 0.0,
    "de": 0.025664,
    "dr": 0.000693,
    "dl": 6.9e-05,
    "dj": 2.3e-05,
    "db": 1.2e-05,
    "dx": 1.2e-05,
    "di": 0.003361,
    "dq": 0.0,
    "df": 6e-06,
    "dg": 3.5e-05,
    "dm": 0.000162,
    "dn": 8.1e-05,
    "d ": 0.002345,
    "dy": 7.5e-05,
    "do": 0.008195,
    "hc": 2.3e-05,
    "hp": 6e-06,
    "hv": 0.0,
    "hd": 2.3e-05,
    "hh": 6e-06,
    "hk": 1.2e-05,
    "ha": 0.002229,
    "hs": 2.9e-05,
    "hw": 1.7e-05,
    "hu": 0.000462,
    "hz": 1.7e-05,
    "ht": 0.00011,
    "he": 0.000964,
    "hr": 0.000127,
    "hl": 6.9e-05,
    "hj": 0.0,
    "hb": 4e-05,
    "hx": 0.0,
    "hi": 0.000964,
    "hq": 0.0,
    "hf": 6e-06,
    "hg": 6e-06,
    "hm": 4.6e-05,
    "hn": 0.000127,
    "h ": 0.000445,
    "hy": 5.8e-05,
    "ho": 0.000901,
    "kc": 0.0,
    "kp": 1.2e-05,
    "kv": 0.0,
    "kd": 6e-06,
    "kh": 3.5e-05,
    "kk": 6e-06,
    "ka": 0.000214,
    "ks": 9.8e-05,
    "kw": 6e-06,
    "ku": 0.000133,
    "kz": 0.0,
    "kt": 1.7e-05,
    "ke": 0.000214,
    "kr": 7.5e-05,
    "kl": 1.7e-05,
    "kj": 6e-06,
    "kb": 1.2e-05,
    "kx": 6e-06,
    "ki": 0.000208,
    "kq": 0.0,
    "kf": 0.0,
    "kg": 2.3e-05,
    "km": 0.000427,
    "kn": 2.9e-05,
    "k ": 0.000508,
    "ky": 5.2e-05,
    "ko": 0.000115,
    "ac": 0.004383,
    "ap": 0.000959,
    "av": 0.000739,
    "ad": 0.008882,
    "ah": 0.00015,
    "ak": 0.000144,
    "aa": 0.000474,
    "as": 0.006849,
    "aw": 5.2e-05,
    "au": 0.001132,
    "az": 0.000491,
    "at": 0.002691,
    "ae": 0.000681,
    "ar": 0.008813,
    "al": 0.009084,
    "aj": 0.000595,
    "ab": 0.001871,
    "ax": 6.9e-05,
    "ai": 0.000583,
    "aq": 0.000115,
    "af": 0.000352,
    "ag": 0.000936,
    "am": 0.003604,
    "an": 0.009182,
    "a ": 0.033934,
    "ay": 0.000664,
    "ao": 0.001028,
    "sc": 0.001386,
    "sp": 0.001629,
    "sv": 3.5e-05,
    "sd": 0.000358,
    "sh": 0.000283,
    "sk": 0.000139,
    "sa": 0.002581,
    "ss": 0.000364,
    "sw": 2.3e-05,
    "su": 0.002732,
    "sz": 1.2e-05,
    "st": 0.008027,
    "se": 0.004949,
    "sr": 0.000121,
    "sl": 0.000416,
    "sj": 1.2e-05,
    "sb": 7.5e-05,
    "sx": 0.0,
    "si": 0.004279,
    "sq": 0.000139,
    "sf": 9.8e-05,
    "sg": 6e-06,
    "sm": 0.00045,
    "sn": 0.000162,
    "s ": 0.022557,
    "sy": 2.3e-05,
    "so": 0.002119,
    "wc": 0.0,
    "wp": 0.0,
    "wv": 0.0,
    "wd": 0.0,
    "wh": 6e-06,
    "wk": 0.0,
    "wa": 0.000231,
    "ws": 1.7e-05,
    "ww": 0.0,
    "wu": 0.0,
    "wz": 0.0,
    "wt": 1.2e-05,
    "we": 0.000156,
    "wr": 4e-05,
    "wl": 1.7e-05,
    "wj": 0.0,
    "wb": 0.0,
    "wx": 0.0,
    "wi": 0.000214,
    "wq": 0.0,
    "wf": 0.0,
    "wg": 0.0,
    "wm": 6e-06,
    "wn": 2.9e-05,
    "w ": 0.000139,
    "wy": 1.7e-05,
    "wo": 6.9e-05,
    "uc": 0.000964,
    "up": 0.000456,
    "uv": 0.000196,
    "ud": 0.001011,
    "uh": 3.5e-05,
    "uk": 3.5e-05,
    "ua": 0.001923,
    "us": 0.00149,
    "uw": 0.0,
    "uu": 1.2e-05,
    "uz": 6.4e-05,
    "ut": 0.000982,
    "ue": 0.006907,
    "ur": 0.002714,
    "ul": 0.001588,
    "uj": 0.000139,
    "ub": 0.001022,
    "ux": 2.9e-05,
    "ui": 0.001172,
    "uq": 4.6e-05,
    "uf": 5.8e-05,
    "ug": 0.000618,
    "um": 0.000785,
    "un": 0.009904,
    "u ": 0.00138,
    "uy": 0.000329,
    "uo": 0.000104,
    "zc": 2.9e-05,
    "zp": 6e-06,
    "zv": 0.0,
    "zd": 1.2e-05,
    "zh": 2.9e-05,
    "zk": 0.0,
    "za": 0.00138,
    "zs": 0.0,
    "zw": 0.0,
    "zu": 9.8e-05,
    "zz": 1.2e-05,
    "zt": 1.2e-05,
    "ze": 0.00015,
    "zr": 1.2e-05,
    "zl": 6e-06,
    "zj": 0.0,
    "zb": 1.2e-05,
    "zx": 0.0,
    "zi": 6.9e-05,
    "zq": 2.9e-05,
    "zf": 6e-06,
    "zg": 6e-06,
    "zm": 6e-06,
    "zn": 1.7e-05,
    "z ": 0.000837,
    "zy": 1.7e-05,
    "zo": 0.00041,
    "tc": 0.000139,
    "tp": 4.6e-05,
    "tv": 3.5e-05,
    "td": 1.2e-05,
    "th": 0.000549,
    "tk": 0.0,
    "ta": 0.008732,
    "ts": 0.000289,
    "tw": 2.9e-05,
    "tu": 0.002212,
    "tz": 2.9e-05,
    "tt": 0.000231,
    "te": 0.009067,
    "tr": 0.005174,
    "tl": 0.000295,
    "tj": 1.2e-05,
    "tb": 0.000289,
    "tx": 0.0,
    "ti": 0.005186,
    "tq": 0.0,
    "tf": 0.000115,
    "tg": 2.3e-05,
    "tm": 0.000133,
    "tn": 0.000676,
    "t ": 0.001265,
    "ty": 0.000144,
    "to": 0.005717,
    "ec": 0.003378,
    "ep": 0.001207,
    "ev": 0.000855,
    "ed": 0.00175,
    "eh": 8.1e-05,
    "ek": 8.1e-05,
    "ea": 0.001738,
    "es": 0.016915,
    "ew": 5.8e-05,
    "eu": 0.000312,
    "ez": 0.000508,
    "et": 0.00149,
    "ee": 0.000231,
    "er": 0.010314,
    "el": 0.011925,
    "ej": 0.00052,
    "eb": 0.000572,
    "ex": 0.000808,
    "ei": 0.000485,
    "eq": 0.000231,
    "ef": 0.000387,
    "eg": 0.001842,
    "em": 0.002183,
    "en": 0.018024,
    "e ": 0.033247,
    "ey": 0.000422,
    "eo": 0.00086,
    "rc": 0.001097,
    "rp": 0.000266,
    "rv": 0.000271,
    "rd": 0.000901,
    "rh": 4.6e-05,
    "rk": 0.000179,
    "ra": 0.009823,
    "rs": 0.001016,
    "rw": 1.2e-05,
    "ru": 0.001219,
    "rz": 0.000196,
    "rt": 0.003552,
    "re": 0.008431,
    "rr": 0.001784,
    "rl": 0.000289,
    "rj": 3.5e-05,
    "rb": 0.000254,
    "rx": 1.7e-05,
    "ri": 0.006976,
    "rq": 0.000375,
    "rf": 0.000312,
    "rg": 0.00123,
    "rm": 0.001224,
    "rn": 0.001011,
    "r ": 0.006786,
    "ry": 0.000196,
    "ro": 0.006843,
    "lc": 0.000393,
    "lp": 0.000173,
    "lv": 0.000329,
    "ld": 0.000352,
    "lh": 5.8e-05,
    "lk": 3.5e-05,
    "la": 0.013127,
    "ls": 0.000318,
    "lw": 6e-06,
    "lu": 0.000918,
    "lz": 3.5e-05,
    "lt": 0.001039,
    "le": 0.004164,
    "lr": 5.2e-05,
    "ll": 0.002108,
    "lj": 6e-06,
    "lb": 0.000271,
    "lx": 0.0,
    "li": 0.004268,
    "lq": 5.2e-05,
    "lf": 0.000139,
    "lg": 0.000295,
    "lm": 0.000716,
    "ln": 0.000243,
    "l ": 0.014287,
    "ly": 0.000144,
    "lo": 0.004995,
    "jc": 0.0,
    "jp": 6e-06,
    "jv": 6e-06,
    "jd": 6e-06,
    "jh": 0.0,
    "jk": 1.2e-05,
    "ja": 0.000722,
    "js": 1.2e-05,
    "jw": 0.0,
    "ju": 0.000878,
    "jz": 0.0,
    "jt": 2.9e-05,
    "je": 0.00052,
    "jr": 4.6e-05,
    "jl": 0.0,
    "jj": 0.0,
    "jb": 0.0,
    "jx": 0.0,
    "ji": 0.000133,
    "jq": 0.0,
    "jf": 0.0,
    "jg": 0.0,