{
  "total_count": 176196,
  "probabilities": {
    "cc": 8.5e-05,
    "cp": 1.1e-05,
    "cv": 0.0,
    "cd": 1.1e-05,
    "ch": 0.006686,
    "ck": 0.001674,
    "ca": 0.001181,
    "cs": 7.4e-05,
    "cw": 0.0,
    "cu": 0.000131,
    "cz": 0.0,
    "ct": 0.000102,
    "ce": 0.00143,
    "cr": 0.000119,
    "cl": 9.6e-05,
    "cj": 0.0,
    "cb": 4e-05,
    "cx": 0.0,
    "ci": 0.001061,
    "cq": 1.1e-05,
    "cf": 0.0,
    "cg": 6e-06,
    "cm": 2.3e-05,
    "cn": 4.5e-05,
    "c ": 0.000324,
    "cy": 9.1e-05,
    "co": 0.001254,
    "pc": 1.1e-05,
    "pp": 0.000942,
    "pv": 4e-05,
    "pd": 4.5e-05,
    "ph": 0.000142,
    "pk": 4.5e-05,
    "pa": 0.001799,
    "ps": 0.000306,
    "pw": 6e-06,
    "pu": 0.000335,
    "pz": 0.0,
    "pt": 0.000363,
    "pe": 0.002514,
    "pr": 0.001884,
    "pl": 0.000397,
    "pj": 0.0,
    "pb": 2.3e-05,
    "px": 0.0,
    "pi": 0.000607,
    "pq": 6e-06,
    "pf": 0.000114,
    "pg": 7.4e-05,
    "pm": 2.8e-05,
    "pn": 4e-05,
    "p ": 0.00151,
    "py": 5.1e-05,
    "po": 0.000902,
    "vc": 2.8e-05,
    "vp": 3.4e-05,
    "vv": 6.8e-05,
    "vd": 6.8e-05,
    "vh": 2.3e-05,
    "vk": 1.7e-05,
    "va": 0.003627,
    "vs": 0.002236,
    "vw": 0.0,
    "vu": 0.001754,
    "vz": 0.0,
    "vt": 0.000136,
    "ve": 0.004342,
    "vr": 0.000732,
    "vl": 0.000142,
    "vj": 6.8e-05,
    "vb": 4.5e-05,
    "vx": 0.000204,
    "vi": 0.003019,
    "vq": 0.0,
    "vf": 2.8e-05,
    "vg": 0.000278,
    "vm": 6.8e-05,
    "vn": 0.001425,
    "v ": 0.003717,
    "vy": 2.3e-05,
    "vo": 0.000369,
    "dc": 1.1e-05,
    "dp": 3.4e-05,
    "dv": 0.000936,
    "dd": 0.002128,
    "dh": 8.5e-05,
    "dk": 7.9e-05,
    "da": 0.002514,
    "ds": 0.003695,
    "dw": 6.8e-05,
    "du": 0.000295,
    "dz": 2.3e-05,
    "dt": 7.9e-05,
    "de": 0.017412,
    "dr": 0.001839,
    "dl": 0.000414,
    "dj": 0.000176,
    "db": 0.000204,
    "dx": 6e-06,
    "di": 0.001839,
    "dq": 6e-06,
    "df": 5.7e-05,
    "dg": 7.9e-05,
    "dm": 0.000306,
    "dn": 0.00017,
    "d ": 0.00727,
    "dy": 0.000142,
    "do": 0.00164,
    "hc": 4e-05,
    "hp": 1.1e-05,
    "hv": 4.5e-05,
    "hd": 1.7e-05,
    "hh": 6e-06,
    "hk": 2.8e-05,
    "ha": 0.004257,
    "hs": 9.1e-05,
    "hw": 7.9e-05,
    "hu": 0.002089,
    "hz": 0.0,
    "ht": 0.000165,
    "he": 0.001924,
    "hr": 0.000602,
    "hl": 0.000358,
    "hj": 0.000165,
    "hb": 2.8e-05,
    "hx": 0.0,
    "hi": 0.000783,
    "hq": 0.0,
    "hf": 5.1e-05,
    "hg": 0.000182,
    "hm": 5.1e-05,
    "hn": 0.000221,
    "h ": 0.005789,
    "hy": 0.000176,
    "ho": 0.001254,
    "kc": 4e-05,
    "kp": 0.000102,
    "kv": 0.000403,
    "kd": 0.000318,
    "kh": 0.000414,
    "kk": 0.000187,
    "ka": 0.005545,
    "ks": 0.000658,
    "kw": 6e-06,
    "ku": 0.000533,
    "kz": 0.0,
    "kt": 0.002089,
    "ke": 0.002514,
    "kr": 0.001816,
    "kl": 0.000692,
    "kj": 6.8e-05,
    "kb": 6.8e-05,
    "kx": 0.0,
    "ki": 0.001731,
    "kq": 0.0,
    "kf": 5.7e-05,
    "kg": 2.8e-05,
    "km": 0.001311,
    "kn": 0.000795,
    "k ": 0.003116,
    "ky": 0.00038,
    "ko": 0.004347,
    "ac": 0.000857,
    "ap": 0.001322,
    "av": 0.005108,
    "ad": 0.005176,
    "ah": 0.000289,
    "ak": 0.000829,
    "aa": 0.000295,
    "as": 0.002707,
    "aw": 0.000119,
    "au": 0.001056,
    "az": 9.1e-05,
    "at": 0.004489,
    "ae": 0.000227,
    "ar": 0.012872,
    "al": 0.005329,
    "aj": 0.00038,
    "ab": 0.000431,
    "ax": 0.000244,
    "ai": 0.000675,
    "aq": 3.4e-05,
    "af": 0.000477,
    "ag": 0.001425,
    "am": 0.00332,
    "an": 0.014166,
    "a ": 0.012957,
    "ay": 0.000369,
    "ao": 5.1e-05,
    "sc": 0.000568,
    "sp": 0.001521,
    "sv": 0.00126,
    "sd": 0.000953,
    "sh": 0.000846,
    "sk": 0.006232,
    "sa": 0.003252,
    "ss": 0.001969,
    "sw": 3.4e-05,
    "su": 0.000528,
    "sz": 2.3e-05,
    "st": 0.012543,
    "se": 0.003343,
    "sr": 0.000284,
    "sl": 0.001175,
    "sj": 0.00101,
    "sb": 0.000403,
    "sx": 6e-06,
    "si": 0.002577,
    "sq": 6e-06,
    "sf": 0.00021,
    "sg": 0.000193,
    "sm": 0.00063,
    "sn": 0.000528,
    "s ": 0.008542,
    "sy": 0.001328,
    "so": 0.003734,
    "wc": 0.0,
    "wp": 6e-06,
    "wv": 0.0,
    "wd": 0.0,
    "wh": 2.8e-05,
    "wk": 0.0,
    "wa": 0.00042,
    "ws": 2.8e-05,
    "ww": 0.0,
    "wu": 0.0,
    "wz": 0.0,
    "wt": 1.7e-05,
    "we": 0.00025,
    "wr": 0.0,
    "wl": 1.1e-05,
    "wj": 0.0,
    "wb": 0.0,
    "wx": 0.0,
    "wi": 0.000443,
    "wq": 0.0,
    "wf": 0.0,
    "wg": 0.0,
    "wm": 0.0,
    "wn": 5.7e-05,
    "w ": 0.000199,
    "wy": 6e-06,
    "wo": 0.000125,
    "uc": 0.000255,
    "up": 0.000749,
    "uv": 0.001822,
    "ud": 0.002015,
    "uh": 1.7e-05,
    "uk": 0.00025,
    "ua": 0.000602,
    "us": 0.00202,
    "uw": 6e-06,
    "uu": 2.8e-05,
    "uz": 0.000119,
    "ut": 0.000971,
    "ue": 0.000585,
    "ur": 0.001663,
    "ul": 0.001061,
    "uj": 5.1e-05,
    "ub": 0.000426,
    "ux": 0.000136,
    "ui": 0.00038,
    "uq": 1.7e-05,
    "uf": 5.7e-05,
    "ug": 0.000375,
    "um": 0.000568,
    "un": 0.005011,
    "u ": 0.00042,
    "uy": 3.4e-05,
    "uo": 9.6e-05,
    "zc": 2.3e-05,
    "zp": 0.0,
    "zv": 0.0,
    "zd": 0.0,
    "zh": 3.4e-05,
    "zk": 1.1e-05,
    "za": 0.000153,
    "zs": 6e-06,
    "zw": 1.7e-05,
    "zu": 3.4e-05,
    "zz": 2.8e-05,
    "zt": 0.0,
    "ze": 0.000148,
    "zr": 1.7e-05,
    "zl": 0.0,
    "zj": 5.7e-05,
    "zb": 1.7e-05,
    "zx": 0.0,
    "zi": 7.9e-05,
    "zq": 1.1e-05,
    "zf": 0.0,
    "zg": 0.0,
    "zm": 0.0,
    "zn": 6e-06,
    "z ": 0.000238,
    "zy": 0.0,
    "zo": 0.000148,
    "tc": 7.4e-05,
    "tp": 6.8e-05,
    "tv": 0.000488,
    "td": 4e-05,
    "th": 0.000704,
    "tk": 0.000272,
    "ta": 0.008173,
    "ts": 0.001061,
    "tw": 0.0,
    "tu": 0.000783,
    "tz": 4.5e-05,
    "tt": 0.0037,
    "te": 0.009682,
    "tr": 0.004211,
    "tl": 0.000851,
    "tj": 0.000358,
    "tb": 0.000295,
    "tx": 0.0,
    "ti": 0.005097,
    "tq": 0.0,
    "tf": 0.000102,
    "tg": 0.000199,
    "tm": 0.000125,
    "tn": 0.000817,
    "t ": 0.014189,
    "ty": 0.000999,
    "to": 0.003127,
    "ec": 0.000698,
    "ep": 0.000846,
    "ev": 0.000738,
    "ed": 0.002361,
    "eh": 0.000199,
    "ek": 0.001095,
    "ea": 0.00105,
    "es": 0.003837,
    "ew": 0.000233,
    "eu": 0.000369,
    "ez": 0.000119,
    "et": 0.010749,
    "ee": 0.000255,
    "er": 0.017197,
    "el": 0.006935,
    "ej": 0.000142,
    "eb": 0.000755,
    "ex": 0.000647,
    "ei": 0.000545,
    "eq": 1.1e-05,
    "ef": 0.000755,
    "eg": 0.001555,
    "em": 0.001981,
    "en": 0.026981,
    "e ": 0.010437,
    "ey": 0.000363,
    "eo": 0.000329,
    "rc": 0.000284,
    "rp": 0.000159,
    "rv": 0.000709,
    "rd": 0.002866,
    "rh": 0.000221,
    "rk": 0.001833,
    "ra": 0.008343,
    "rs": 0.003394,
    "rw": 1.7e-05,
    "ru": 0.001322,
    "rz": 3.4e-05,
    "rt": 0.00357,
    "re": 0.007889,
    "rr": 0.001913,
    "rl": 0.000823,
    "rj": 0.000165,
    "rb": 0.00063,
    "rx": 1.1e-05,
    "ri": 0.006646,
    "rq": 2.3e-05,
    "rf": 0.000329,
    "rg": 0.001487,
    "rm": 0.000812,
    "rn": 0.002747,
    "r ": 0.02365,
    "ry": 0.00042,
    "ro": 0.003178,
    "lc": 9.1e-05,
    "lp": 0.000289,
    "lv": 0.000511,
    "ld": 0.000936,
    "lh": 0.000482,
    "lk": 0.000868,
    "la": 0.008456,
    "ls": 0.002162,
    "lw": 6e-06,
    "lu": 0.000806,
    "lz": 2.3e-05,
    "lt": 0.000726,
    "le": 0.005721,
    "lr": 0.000176,
    "ll": 0.004926,
    "lj": 0.000647,
    "lb": 0.000255,
    "lx": 6e-06,
    "li": 0.007395,
    "lq": 6e-06,
    "lf": 0.00017,
    "lg": 0.000409,
    "lm": 0.000931,
    "ln": 0.000976,
    "l ": 0.003371,
    "ly": 0.000312,
    "lo": 0.002548,
    "jc": 1.1e-05,
    "jp": 0.0,
    "jv": 2.3e-05,
    "jd": 6.2e-05,
    "jh": 6e-06,
    "jk": 1.7e-05,
    "ja": 0.000936,
    "js": 8.5e-05,
    "jw": 0.0,
    "ju": 0.000812,
    "jz": 0.0,
    "jt": 4.5e-05,
    "je": 0.000942,
    "jr": 0.000619,