{
  "total_count": 182040,
  "probabilities": {
    "cc": 2.2e-05,
    "cp": 5e-06,
    "cv": 0.0,
    "cd": 2.7e-05,
    "ch": 0.001159,
    "ck": 0.000275,
    "ca": 0.000994,
    "cs": 3.8e-05,
    "cw": 0.0,
    "cu": 0.00022,
    "cz": 5e-06,
    "ct": 0.00017,
    "ce": 0.0005,
    "cr": 0.000154,
    "cl": 9.3e-05,
    "cj": 0.0,
    "cb": 5e-06,
    "cx": 0.0,
    "ci": 0.000341,
    "cq": 1.6e-05,
    "cf": 1.1e-05,
    "cg": 0.0,
    "cm": 3.8e-05,
    "cn": 1.6e-05,
    "c ": 0.000286,
    "cy": 7.1e-05,
    "co": 0.001472,
    "pc": 5e-06,
    "pp": 0.001434,
    "pv": 4.9e-05,
    "pd": 0.000115,
    "ph": 0.000313,
    "pk": 5.5e-05,
    "pa": 0.001675,
    "ps": 0.000324,
    "pw": 0.0,
    "pu": 0.000341,
    "pz": 0.0,
    "pt": 0.000341,
    "pe": 0.002406,
    "pr": 0.001741,
    "pl": 0.000588,
    "pj": 0.0,
    "pb": 3.3e-05,
    "px": 0.0,
    "pi": 0.001945,
    "pq": 0.0,
    "pf": 7.7e-05,
    "pg": 4.4e-05,
    "pm": 3.3e-05,
    "pn": 9.9e-05,
    "p ": 0.002565,
    "py": 6.6e-05,
    "po": 0.001263,
    "vc": 0.0,
    "vp": 3.8e-05,
    "vv": 2.7e-05,
    "vd": 0.000148,
    "vh": 5.5e-05,
    "vk": 8.8e-05,
    "va": 0.004274,
    "vs": 0.000269,
    "vw": 0.0,
    "vu": 4.9e-05,
    "vz": 0.0,
    "vt": 9.3e-05,
    "ve": 0.006163,
    "vr": 0.00039,
    "vl": 0.000137,
    "vj": 6.6e-05,
    "vb": 1.6e-05,
    "vx": 0.0,
    "vi": 0.002549,
    "vq": 0.0,
    "vf": 1.6e-05,
    "vg": 8.2e-05,
    "vm": 6e-05,
    "vn": 0.000522,
    "v ": 0.004461,
    "vy": 7.7e-05,
    "vo": 0.000621,
    "dc": 3.3e-05,
    "dp": 5.5e-05,
    "dv": 0.000324,
    "dd": 0.000835,
    "dh": 0.000121,
    "dk": 9.9e-05,
    "da": 0.003043,
    "ds": 0.001555,
    "dw": 5e-06,
    "du": 0.000352,
    "dz": 0.0,
    "dt": 0.000692,
    "de": 0.014782,
    "dr": 0.001461,
    "dl": 0.000829,
    "dj": 4.4e-05,
    "db": 0.000291,
    "dx": 0.0,
    "di": 0.001648,
    "dq": 0.0,
    "df": 0.00017,
    "dg": 7.1e-05,
    "dm": 0.000236,
    "dn": 0.000137,
    "d ": 0.004911,
    "dy": 0.000253,
    "do": 0.000901,
    "hc": 1.1e-05,
    "hp": 5e-06,
    "hv": 0.00028,
    "hd": 1.1e-05,
    "hh": 0.0,
    "hk": 8.8e-05,
    "ha": 0.004735,
    "hs": 0.00011,
    "hw": 1.1e-05,
    "hu": 0.000961,
    "hz": 0.0,
    "ht": 0.000126,
    "he": 0.002192,
    "hr": 0.000632,
    "hl": 0.000115,
    "hj": 0.000132,
    "hb": 2.2e-05,
    "hx": 0.0,
    "hi": 0.000555,
    "hq": 0.0,
    "hf": 5e-06,
    "hg": 2.7e-05,
    "hm": 4.9e-05,
    "hn": 0.000247,
    "h ": 0.000632,
    "hy": 0.000379,
    "ho": 0.001648,
    "kc": 1.1e-05,
    "kp": 2.7e-05,
    "kv": 0.000412,
    "kd": 1.1e-05,
    "kh": 0.000165,
    "kk": 0.001456,
    "ka": 0.003422,
    "ks": 0.001033,
    "kw": 0.0,
    "ku": 0.000791,
    "kz": 0.0,
    "kt": 0.001857,
    "ke": 0.006015,
    "kr": 0.001302,
    "kl": 0.001093,
    "kj": 0.00084,
    "kb": 6e-05,
    "kx": 0.0,
    "ki": 0.001406,
    "kq": 0.0,
    "kf": 7.1e-05,
    "kg": 1.6e-05,
    "km": 0.000269,
    "kn": 0.000374,
    "k ": 0.004834,
    "ky": 0.000247,
    "ko": 0.003455,
    "ac": 0.000385,
    "ap": 0.001022,
    "av": 0.005208,
    "ad": 0.001648,
    "ah": 0.000264,
    "ak": 0.001285,
    "aa": 0.000214,
    "as": 0.003301,
    "aw": 6.6e-05,
    "au": 0.000835,
    "az": 0.000176,
    "at": 0.004142,
    "ae": 0.000714,
    "ar": 0.009212,
    "al": 0.005938,
    "aj": 0.000143,
    "ab": 0.000692,
    "ax": 3.8e-05,
    "ai": 0.000494,
    "aq": 1.6e-05,
    "af": 0.000566,
    "ag": 0.001763,
    "am": 0.003466,
    "an": 0.012234,
    "a ": 0.006499,
    "ay": 0.000286,
    "ao": 0.00011,
    "sc": 0.000483,
    "sp": 0.002126,
    "sv": 0.001225,
    "sd": 0.000319,
    "sh": 0.000621,
    "sk": 0.008163,
    "sa": 0.002335,
    "ss": 0.002049,
    "sw": 3.3e-05,
    "su": 0.000566,
    "sz": 3.8e-05,
    "st": 0.011179,
    "se": 0.005708,
    "sr": 0.001313,
    "sl": 0.001752,
    "sj": 0.001873,
    "sb": 0.000412,
    "sx": 0.0,
    "si": 0.003065,
    "sq": 1.6e-05,
    "sf": 0.000275,
    "sg": 9.9e-05,
    "sm": 0.000742,
    "sn": 0.000439,
    "s ": 0.006905,
    "sy": 0.000494,
    "so": 0.004587,
    "wc": 0.0,
    "wp": 0.0,
    "wv": 0.0,
    "wd": 0.0,
    "wh": 2.7e-05,
    "wk": 0.0,
    "wa": 0.000264,
    "ws": 3.8e-05,
    "ww": 0.0,
    "wu": 0.0,
    "wz": 0.0,
    "wt": 0.0,
    "we": 0.000209,
    "wr": 1.6e-05,
    "wl": 2.2e-05,
    "wj": 0.0,
    "wb": 1.1e-05,
    "wx": 0.0,
    "wi": 0.000231,
    "wq": 0.0,
    "wf": 0.0,
    "wg": 0.0,
    "wm": 5e-06,
    "wn": 3.3e-05,
    "w ": 0.000126,
    "wy": 5e-06,
    "wo": 0.000121,
    "uc": 0.000143,
    "up": 0.000505,
    "uv": 0.000115,
    "ud": 0.000428,
    "uh": 2.7e-05,
    "uk": 0.000593,
    "ua": 0.000428,
    "us": 0.002065,
    "uw": 0.0,
    "uu": 1.1e-05,
    "uz": 3.3e-05,
    "ut": 0.001505,
    "ue": 0.000643,
    "ur": 0.001582,
    "ul": 0.000835,
    "uj": 3.3e-05,
    "ub": 0.000566,
    "ux": 3.8e-05,
    "ui": 0.000225,
    "uq": 5e-06,
    "uf": 0.000132,
    "ug": 0.000725,
    "um": 0.000549,
    "un": 0.004988,
    "u ": 0.000335,
    "uy": 3.3e-05,
    "uo": 2.7e-05,
    "zc": 1.1e-05,
    "zp": 5e-06,
    "zv": 5e-06,
    "zd": 0.0,
    "zh": 1.6e-05,
    "zk": 5e-06,
    "za": 0.000143,
    "zs": 1.1e-05,
    "zw": 0.0,
    "zu": 2.2e-05,
    "zz": 1.1e-05,
    "zt": 0.0,
    "ze": 9.3e-05,
    "zr": 0.0,
    "zl": 1.6e-05,
    "zj": 5e-06,
    "zb": 0.0,
    "zx": 0.0,
    "zi": 9.3e-05,
    "zq": 0.0,
    "zf": 0.0,
    "zg": 0.0,
    "zm": 5e-06,
    "zn": 5e-06,
    "z ": 0.000148,
    "zy": 0.0,
    "zo": 0.000104,
    "tc": 5.5e-05,
    "tp": 4.9e-05,
    "tv": 0.00045,
    "td": 0.00011,
    "th": 0.000742,
    "tk": 8.2e-05,
    "ta": 0.004224,
    "ts": 0.001791,
    "tw": 1.6e-05,
    "tu": 0.000994,
    "tz": 9.3e-05,
    "tt": 0.003664,
    "te": 0.012041,
    "tr": 0.003741,
    "tl": 0.000632,
    "tj": 0.000192,
    "tb": 0.000604,
    "tx": 5e-06,
    "ti": 0.006488,
    "tq": 0.0,
    "tf": 0.000225,
    "tg": 0.000126,
    "tm": 0.000121,
    "tn": 0.000516,
    "t ": 0.01704,
    "ty": 0.001571,
    "to": 0.002582,
    "ec": 0.000231,
    "ep": 0.000967,
    "ev": 0.00106,
    "ed": 0.004345,
    "eh": 0.000291,
    "ek": 0.002016,
    "ea": 0.000637,
    "es": 0.006246,
    "ew": 0.000148,
    "eu": 0.000385,
    "ez": 6.6e-05,
    "et": 0.011503,
    "ee": 0.000346,
    "er": 0.029873,
    "el": 0.00768,
    "ej": 4.4e-05,
    "eb": 0.000637,
    "ex": 0.000143,
    "ei": 0.002263,
    "eq": 2.2e-05,
    "ef": 0.000676,
    "eg": 0.002412,
    "em": 0.001818,
    "en": 0.026714,
    "e ": 0.021089,
    "ey": 0.000187,
    "eo": 0.000291,
    "rc": 0.00022,
    "rp": 0.000258,
    "rv": 0.000692,
    "rd": 0.003181,
    "rh": 0.000313,
    "rk": 0.001747,
    "ra": 0.006147,
    "rs": 0.003082,
    "rw": 4.4e-05,
    "ru": 0.002098,
    "rz": 1.1e-05,
    "rt": 0.003823,
    "re": 0.011069,
    "rr": 0.000961,
    "rl": 0.000917,
    "rj": 7.7e-05,
    "rb": 0.000637,
    "rx": 5e-06,
    "ri": 0.005812,
    "rq": 0.0,
    "rf": 0.000758,
    "rg": 0.001478,
    "rm": 0.00095,
    "rn": 0.001566,
    "r ": 0.026796,
    "ry": 0.00056,
    "ro": 0.002977,
    "lc": 6.6e-05,
    "lp": 0.000533,
    "lv": 0.000851,
    "ld": 0.001209,
    "lh": 0.000428,
    "lk": 0.000956,
    "la": 0.004834,
    "ls": 0.00256,
    "lw": 1.1e-05,
    "lu": 0.000956,
    "lz": 0.0,
    "lt": 0.001483,
    "le": 0.009773,
    "lr": 0.000242,
    "ll": 0.00574,
    "lj": 0.000148,
    "lb": 0.000302,
    "lx": 0.0,
    "li": 0.007141,
    "lq": 5e-06,
    "lf": 0.000286,
    "lg": 0.000742,
    "lm": 0.000758,
    "ln": 0.000214,
    "l ": 0.005307,
    "ly": 0.000626,
    "lo": 0.002285,
    "jc": 0.0,
    "jp": 3.3e-05,
    "jv": 2.7e-05,
    "jd": 3.8e-05,
    "jh": 2.7e-05,
    "jk": 1.1e-05,
    "ja": 0.000632,
    "js": 4.4e-05,
    "jw": 0.0,
    "ju": 0.000313,
    "jz": 5e-06,
    "jt": 2.7e-05,
    "je": 0.002675,
    "jr": 0.000341,
    "jl": 3.3e-05,
    "jj": 0.0,