{
  "aa": 0.00009695637,
  "ab": 0.0005657783,
  "ac": 0.0005605913,
  "ad": 0.004649517,
  "ae": 0.0001743619,
  "af": 0.0007301652,
  "ag": 0.004116057,
  "ah": 0.0002362065,
  "ai": 0.0002541613,
  "aj": 0.0001847358,
  "ak": 0.001502624,
  "al": 0.004762034,
  "am": 0.00285722,
  "an": 0.01354157,
  "ao": 0.00006463758,
  "ap": 0.0008797893,
  "aq": 0.00000917694,
  "ar": 0.01512559,
  "as": 0.00336275,
  "at": 0.00953923,
  "au": 0.0002238375,
  "av": 0.00291707,
  "aw": 0.00002872781,
  "ax": 0.0001081283,
  "ay": 0.0000917694,
  "az": 0.00006383958,
  "a ": 0.01702123,
  "ba": 0.001827408,
  "bb": 0.0006028851,
  "bc": 0.00006024861,
  "bd": 0.0001998977,
  "be": 0.002898317,
  "bf": 0.000008777943,
  "bg": 0.00001755589,
  "bh": 0.00001236892,
  "bi": 0.0008889662,
  "bj": 0.0001867308,
  "bk": 0.0000147629,
  "bl": 0.001671799,
  "bm": 0.00001755589,
  "bn": 0.00003670776,
  "bo": 0.001471502,
  "bp": 0.00001715689,
  "bq": 0,
  "br": 0.001809852,
  "bs": 0.0002222416,
  "bt": 0.0002250345,
  "bu": 0.0004943578,
  "bv": 0.00001037393,
  "bw": 0.000004388971,
  "bx": 0,
  "by": 0.0004775999,
  "bz": 7.979948e-7,
  "b ": 0.0001787508,
  "ca": 0.0003347588,
  "cb": 0.000009974935,
  "cc": 0.00006822856,
  "cd": 0.00001795488,
  "ce": 0.0008857742,
  "cf": 0.000004787969,
  "cg": 0.000002792982,
  "ch": 0.005641424,
  "ci": 0.0004704179,
  "cj": 0,
  "ck": 0.003182004,
  "cl": 0.00005745563,
  "cm": 0.000008777943,
  "cn": 0.000008378945,
  "co": 0.0001967057,
  "cp": 0.000003590977,
  "cq": 0.000002393984,
  "cr": 0.00005546064,
  "cs": 0.00004229372,
  "ct": 0.00005147066,
  "cu": 0.00007979948,
  "cv": 0.000004388971,
  "cw": 7.979948e-7,
  "cx": 3.989974e-7,
  "cy": 0.00005266766,
  "cz": 0.000002792982,
  "c ": 0.0001272802,
  "da": 0.004295606,
  "db": 0.0001699729,
  "dc": 0.00003231879,
  "dd": 0.0008139547,
  "de": 0.01679979,
  "df": 0.0001779528,
  "dg": 0.000148427,
  "dh": 0.0001141133,
  "di": 0.001768755,
  "dj": 0.0002593483,
  "dk": 0.0001232902,
  "dl": 0.0005988951,
  "dm": 0.0002294235,
  "dn": 0.0006248299,
  "do": 0.0008263236,
  "dp": 0.00006822856,
  "dq": 0.00001675789,
  "dr": 0.002353686,
  "ds": 0.001242079,
  "dt": 0.0001611949,
  "du": 0.0006407898,
  "dv": 0.0002178526,
  "dw": 0.0000159599,
  "dx": 0.000001196992,
  "dy": 0.0001189012,
  "dz": 0.000001994987,
  "d ": 0.005852893,
  "ea": 0.0003766535,
  "eb": 0.0006683206,
  "ec": 0.0005873242,
  "ed": 0.004803929,
  "ee": 0.0002006957,
  "ef": 0.001345818,
  "eg": 0.001059338,
  "eh": 0.0004125633,
  "ei": 0.0002421914,
  "ej": 0.0002421914,
  "ek": 0.001202179,
  "el": 0.004822283,
  "em": 0.001888455,
  "en": 0.02022478,
  "eo": 0.0001408461,
  "ep": 0.0004337102,
  "eq": 0.000003590977,
  "er": 0.01814082,
  "es": 0.003439358,
  "et": 0.01231665,
  "eu": 0.000300445,
  "ev": 0.0008019848,
  "ew": 0.00006503658,
  "ex": 0.0005809402,
  "ey": 0.00009695637,
  "ez": 0.00002154586,
  "e ": 0.01230269,
  "fa": 0.001414047,
  "fb": 0.000008378945,
  "fc": 0.00001037393,
  "fd": 0.00005027367,
  "fe": 0.0007165993,
  "ff": 0.0006020871,
  "fg": 0.00003152079,
  "fh": 0.000005984961,
  "fi": 0.001369758,
  "fj": 0.0000913704,
  "fk": 0.00004189473,
  "fl": 0.0009986905,
  "fm": 0.00001117193,
  "fn": 0.0001181032,
  "fo": 0.001093652,
  "fp": 0.00002234385,
  "fq": 0,
  "fr": 0.008522185,
  "fs": 0.0001236892,
  "ft": 0.001618333,
  "fu": 0.000308026,
  "fv": 0.000008378945,
  "fw": 7.979948e-7,
  "fx": 0,
  "fy": 0.0002397974,
  "fz": 0,
  "f ": 0.0005949051,
  "ga": 0.004035061,
  "gb": 0.0001416441,
  "gc": 0.000007979948,
  "gd": 0.0003978004,
  "ge": 0.006502062,
  "gf": 0.00008139547,
  "gg": 0.000762883,
  "gh": 0.00046563,
  "gi": 0.0009619827,
  "gj": 0.0002892731,
  "gk": 0.00006862755,
  "gl": 0.0005637833,
  "gm": 0.0001396491,
  "gn": 0.0009966955,
  "go": 0.0009332549,
  "gp": 0.00008618344,
  "gq": 0.000008777943,
  "gr": 0.002539219,
  "gs": 0.001493447,
  "gt": 0.001742821,
  "gu": 0.000309622,
  "gv": 0.0001823418,
  "gw": 0.000009575938,
  "gx": 3.989974e-7,
  "gy": 0.00006503658,
  "gz": 7.979948e-7,
  "g ": 0.00553968,
  "ha": 0.005302276,
  "hb": 0.00001356591,
  "hc": 0.00002513684,
  "hd": 0.00001915188,
  "he": 0.002569144,
  "hf": 0.00001675789,
  "hg": 0.0002808942,
  "hh": 0.000006782956,
  "hi": 0.0004807919,
  "hj": 0.000311218,
  "hk": 0.00004069773,
  "hl": 0.0006304159,
  "hm": 0.00006902655,
  "hn": 0.0002346105,
  "ho": 0.001493447,
  "hp": 0.000008777943,
  "hq": 0.000001196992,
  "hr": 0.0008055757,
  "hs": 0.0001376541,
  "ht": 0.00004907668,
  "hu": 0.0008063737,
  "hv": 0.0001723669,
  "hw": 0.0000151619,
  "hx": 0.000002792982,
  "hy": 0.0001189012,
  "hz": 3.989974e-7,
  "h ": 0.00493879,
  "ia": 0.0007377462,
  "ib": 0.0001855338,
  "ic": 0.001048565,
  "id": 0.002217229,
  "ie": 0.001151107,
  "if": 0.0005438335,
  "ig": 0.005094399,
  "ih": 0.0001013453,
  "ii": 0.0000462837,
  "ij": 0.00004189473,
  "ik": 0.002252739,
  "il": 0.00522926,
  "im": 0.0005011407,
  "in": 0.01156534,
  "io": 0.00149624,
  "ip": 0.0002541613,
  "iq": 0.000006782956,
  "ir": 0.0009069211,
  "is": 0.004089324,
  "it": 0.00296096,
  "iu": 0.00006304159,
  "iv": 0.001356192,
  "iw": 0.000006782956,
  "ix": 0.0000454857,
  "iy": 0.000003590977,
  "iz": 0.00003710676,
  "i ": 0.006931782,
  "ja": 0.001911996,
  "jb": 0.00001915188,
  "jc": 0.000006782956,
  "jd": 0.0001647859,
  "je": 0.0007912118,
  "jf": 0.00001077293,
  "jg": 0.00001037393,
  "jh": 0.00001236892,
  "ji": 0.00003590977,
  "jj": 0.000002792982,
  "jk": 0.00007940048,
  "jl": 0.0005506164,
  "jm": 0.0001232902,
  "jn": 0.0002868791,
  "jo": 0.001104824,
  "jp": 0.00002952581,
  "jq": 3.989974e-7,
  "jr": 0.000310021,
  "js": 0.00006623357,
  "jt": 0.0001304721,
  "ju": 0.001179835,
  "jv": 0.00002154586,
  "jw": 3.989974e-7,
  "jx": 0,
  "jy": 7.979948e-7,
  "jz": 0,
  "j ": 0.0002006957,
  "ka": 0.00685677,
  "kb": 0.00005745563,
  "kc": 0.00000917694,
  "kd": 0.0001280782,
  "ke": 0.002985299,
  "kf": 0.0000770065,
  "kg": 0.00004508671,
  "kh": 0.000300046,
  "ki": 0.000770863,
  "kj": 0.00006942555,
  "kk": 0.00009775436,
  "kl": 0.001523771,
  "km": 0.0001013453,
  "kn": 0.001228912,
  "ko": 0.003388685,
  "kp": 0.0002709192,
  "kq": 0.00000159599,
  "kr": 0.001999775,
  "ks": 0.0009863216,
  "kt": 0.002645353,
  "ku": 0.00122173,
  "kv": 0.0007114124,
  "kw": 0.000006782956,
  "kx": 0,
  "ky": 0.0002298225,
  "kz": 0.000001994987,
  "k ": 0.001864116,
  "la": 0.007141255,
  "lb": 0.0003283749,
  "lc": 0.00005346565,
  "ld": 0.001554095,
  "le": 0.004895698,
  "lf": 0.000308425,
  "lg": 0.0005945061,
  "lh": 0.0001232902,
  "li": 0.00562307,
  "lj": 0.001104026,
  "lk": 0.0007050284,
  "ll": 0.008415653,
  "lm": 0.0008115607,
  "ln": 0.001153501,
  "lo": 0.001124375,
  "lp": 0.0003191979,
  "lq": 0.00000917694,
  "lr": 0.0003794465,
  "ls": 0.001995785,
  "lt": 0.001760377,
  "lu": 0.001106819,
  "lv": 0.0007860249,
  "lw": 0.000005984961,
  "lx": 0.000003590977,
  "ly": 0.0005661773,
  "lz": 0.000006383958,
  "l ": 0.004543383,
  "ma": 0.004291217,
  "mb": 0.0003946084,
  "mc": 0.00003551077,
  "md": 0.0001791498,
  "me": 0.006231142,
  "mf": 0.0002856821,
  "mg": 0.000158003,
  "mh": 0.0002214436,
  "mi": 0.002395979,
  "mj": 0.0001951097,
  "mk": 0.000153614,
  "ml": 0.0007002404,
  "mm": 0.002101918,
  "mn": 0.001322676,
  "mo": 0.001537337,
  "mp": 0.0005414395,
  "mq": 0.000009974935,
  "mr": 0.0004305182,
  "ms": 0.0008666224,
  "mt": 0.0007173973,
  "mu": 0.0004488721,
  "mv": 0.00007979948,
  "mw": 0.000007979948,
  "mx": 0.000009575938,
  "my": 0.0004077753,
  "mz": 0.000001196992,
  "m ": 0.006523208,
  "na": 0.006893877,
  "nb": 0.0003339608,
  "nc": 0.0002278275,
  "nd": 0.007331178,
  "ne": 0.003715065,
  "nf": 0.0006320119,
  "ng": 0.007327986,
  "nh": 0.0004233362,
  "ni": 0.003691524,
  "nj": 0.0002964551,
  "nk": 0.001088864,
  "nl": 0.0007185943,
  "nm": 0.0004245332,
  "nn": 0.003342002,
  "no": 0.001793493,
  "np": 0.000149624,
  "nq": 0.00001117193,