{
  "total_count": 180659,
  "probabilities": {
    "cc": 7.2e-05,
    "cp": 6e-06,
    "cv": 0.0,
    "cd": 2.2e-05,
    "ch": 0.001273,
    "ck": 0.000565,
    "ca": 0.000819,
    "cs": 1.1e-05,
    "cw": 0.0,
    "cu": 0.000116,
    "cz": 2.2e-05,
    "ct": 6.6e-05,
    "ce": 0.001234,
    "cr": 0.000116,
    "cl": 0.000177,
    "cj": 0.0,
    "cb": 1.7e-05,
    "cx": 0.0,
    "ci": 0.000476,
    "cq": 6e-06,
    "cf": 2.2e-05,
    "cg": 6e-06,
    "cm": 3.3e-05,
    "cn": 6e-06,
    "c ": 0.000271,
    "cy": 0.000138,
    "co": 0.000592,
    "pc": 2.8e-05,
    "pp": 0.000498,
    "pv": 1.7e-05,
    "pd": 0.000133,
    "ph": 0.00026,
    "pk": 3.9e-05,
    "pa": 0.001245,
    "ps": 0.000232,
    "pw": 6e-06,
    "pu": 0.000365,
    "pz": 0.0,
    "pt": 0.000271,
    "pe": 0.001644,
    "pr": 0.001854,
    "pl": 0.000531,
    "pj": 1.1e-05,
    "pb": 5.5e-05,
    "px": 0.0,
    "pi": 0.002009,
    "pq": 0.0,
    "pf": 0.000194,
    "pg": 2.2e-05,
    "pm": 1.7e-05,
    "pn": 7.2e-05,
    "p ": 0.002768,
    "py": 3.3e-05,
    "po": 0.001306,
    "vc": 6e-06,
    "vp": 2.2e-05,
    "vv": 3.9e-05,
    "vd": 0.000249,
    "vh": 1.1e-05,
    "vk": 7.7e-05,
    "va": 0.003581,
    "vs": 0.000443,
    "vw": 0.0,
    "vu": 5.5e-05,
    "vz": 0.0,
    "vt": 0.0001,
    "ve": 0.005912,
    "vr": 0.000786,
    "vl": 8.3e-05,
    "vj": 1.1e-05,
    "vb": 8.3e-05,
    "vx": 0.0,
    "vi": 0.002469,
    "vq": 0.0,
    "vf": 3.3e-05,
    "vg": 7.7e-05,
    "vm": 1.7e-05,
    "vn": 0.00083,
    "v ": 0.001777,
    "vy": 2.8e-05,
    "vo": 0.000841,
    "dc": 3.9e-05,
    "dp": 4.4e-05,
    "dv": 0.000664,
    "dd": 0.000769,
    "dh": 0.000199,
    "dk": 0.000293,
    "da": 0.003072,
    "ds": 0.003603,
    "dw": 6.1e-05,
    "du": 0.000371,
    "dz": 6e-06,
    "dt": 0.002109,
    "de": 0.020198,
    "dr": 0.001423,
    "dl": 0.001262,
    "dj": 8.3e-05,
    "db": 0.001461,
    "dx": 0.0,
    "di": 0.001666,
    "dq": 0.0,
    "df": 0.000194,
    "dg": 0.000459,
    "dm": 0.000299,
    "dn": 0.000249,
    "d ": 0.007954,
    "dy": 0.000266,
    "do": 0.000659,
    "hc": 3.3e-05,
    "hp": 0.0,
    "hv": 0.000775,
    "hd": 2.2e-05,
    "hh": 6e-06,
    "hk": 2.8e-05,
    "ha": 0.004722,
    "hs": 3.9e-05,
    "hw": 5e-05,
    "hu": 0.001068,
    "hz": 6e-06,
    "ht": 8.3e-05,
    "he": 0.002247,
    "hr": 0.000653,
    "hl": 0.000133,
    "hj": 0.000625,
    "hb": 1.1e-05,
    "hx": 0.0,
    "hi": 0.000637,
    "hq": 0.0,
    "hf": 2.2e-05,
    "hg": 5e-05,
    "hm": 0.000105,
    "hn": 0.000354,
    "h ": 0.000587,
    "hy": 0.000127,
    "ho": 0.002103,
    "kc": 6e-06,
    "kp": 3.3e-05,
    "kv": 0.000304,
    "kd": 8.9e-05,
    "kh": 0.000116,
    "kk": 0.000974,
    "ka": 0.003105,
    "ks": 0.00088,
    "kw": 0.0,
    "ku": 0.001146,
    "kz": 6e-06,
    "kt": 0.001107,
    "ke": 0.005735,
    "kr": 0.001572,
    "kl": 0.00098,
    "kj": 9.4e-05,
    "kb": 0.000376,
    "kx": 0.0,
    "ki": 0.001627,
    "kq": 0.0,
    "kf": 5e-05,
    "kg": 5.5e-05,
    "km": 0.00052,
    "kn": 0.000393,
    "k ": 0.004622,
    "ky": 0.000199,
    "ko": 0.003072,
    "ac": 0.000515,
    "ap": 0.000509,
    "av": 0.001749,
    "ad": 0.001876,
    "ah": 0.000183,
    "ak": 0.000836,
    "aa": 0.00041,
    "as": 0.001904,
    "aw": 0.000122,
    "au": 0.000736,
    "az": 9.4e-05,
    "at": 0.004439,
    "ae": 0.000205,
    "ar": 0.008331,
    "al": 0.004755,
    "aj": 0.000232,
    "ab": 0.000803,
    "ax": 7.7e-05,
    "ai": 0.000288,
    "aq": 6e-06,
    "af": 0.004113,
    "ag": 0.002175,
    "am": 0.002851,
    "an": 0.013678,
    "a ": 0.004196,
    "ay": 0.000166,
    "ao": 3.3e-05,
    "sc": 0.000537,
    "sp": 0.002474,
    "sv": 0.00103,
    "sd": 0.000232,
    "sh": 0.000697,
    "sk": 0.007605,
    "sa": 0.002198,
    "ss": 0.001616,
    "sw": 3.3e-05,
    "su": 0.000548,
    "sz": 3.3e-05,
    "st": 0.012117,
    "se": 0.00522,
    "sr": 0.00036,
    "sl": 0.001157,
    "sj": 0.000271,
    "sb": 0.000819,
    "sx": 0.0,
    "si": 0.003476,
    "sq": 1.7e-05,
    "sf": 0.000155,
    "sg": 0.000188,
    "sm": 0.000609,
    "sn": 0.000509,
    "s ": 0.007727,
    "sy": 0.001113,
    "so": 0.00393,
    "wc": 0.0,
    "wp": 0.0,
    "wv": 0.0,
    "wd": 6e-06,
    "wh": 2.8e-05,
    "wk": 1.1e-05,
    "wa": 0.000316,
    "ws": 4.4e-05,
    "ww": 6e-06,
    "wu": 1.1e-05,
    "wz": 6e-06,
    "wt": 1.7e-05,
    "we": 0.000271,
    "wr": 1.7e-05,
    "wl": 6e-06,
    "wj": 0.0,
    "wb": 0.0,
    "wx": 0.0,
    "wi": 0.000282,
    "wq": 0.0,
    "wf": 6e-06,
    "wg": 0.0,
    "wm": 6e-06,
    "wn": 2.8e-05,
    "w ": 0.000149,
    "wy": 6e-06,
    "wo": 0.000133,
    "uc": 0.000249,
    "up": 0.000686,
    "uv": 0.000161,
    "ud": 0.00191,
    "uh": 2.2e-05,
    "uk": 0.00031,
    "ua": 0.000194,
    "us": 0.001965,
    "uw": 1.1e-05,
    "uu": 2.2e-05,
    "uz": 2.8e-05,
    "ut": 0.000515,
    "ue": 0.000841,
    "ur": 0.001395,
    "ul": 0.000935,
    "uj": 0.0,
    "ub": 0.000531,
    "ux": 2.2e-05,
    "ui": 0.000244,
    "uq": 6e-06,
    "uf": 0.000127,
    "ug": 0.000969,
    "um": 0.000913,
    "un": 0.004068,
    "u ": 0.000371,
    "uy": 1.1e-05,
    "uo": 4.4e-05,
    "zc": 6e-06,
    "zp": 6e-06,
    "zv": 0.0,
    "zd": 0.0,
    "zh": 1.7e-05,
    "zk": 0.0,
    "za": 0.000122,
    "zs": 1.1e-05,
    "zw": 1.7e-05,
    "zu": 0.0,
    "zz": 6.1e-05,
    "zt": 1.1e-05,
    "ze": 0.000116,
    "zr": 6e-06,
    "zl": 1.1e-05,
    "zj": 1.1e-05,
    "zb": 6e-06,
    "zx": 6e-06,
    "zi": 8.3e-05,
    "zq": 0.0,
    "zf": 0.0,
    "zg": 0.0,
    "zm": 2.2e-05,
    "zn": 0.0,
    "z ": 0.000155,
    "zy": 2.8e-05,
    "zo": 0.000105,
    "tc": 5.5e-05,
    "tp": 3.3e-05,
    "tv": 0.00041,
    "td": 5e-05,
    "th": 0.000792,
    "tk": 8.3e-05,
    "ta": 0.003471,
    "ts": 0.001046,
    "tw": 5.5e-05,
    "tu": 0.000952,
    "tz": 7.7e-05,
    "tt": 0.001439,
    "te": 0.010119,
    "tr": 0.00388,
    "tl": 0.000675,
    "tj": 0.000343,
    "tb": 0.000221,
    "tx": 6e-06,
    "ti": 0.00786,
    "tq": 0.0,
    "tf": 0.000188,
    "tg": 5.5e-05,
    "tm": 0.000194,
    "tn": 0.000603,
    "t ": 0.016888,
    "ty": 0.00098,
    "to": 0.00243,
    "ec": 0.000244,
    "ep": 0.00057,
    "ev": 0.001943,
    "ed": 0.007096,
    "eh": 0.00036,
    "ek": 0.001107,
    "ea": 0.000858,
    "es": 0.006133,
    "ew": 0.0001,
    "eu": 0.000493,
    "ez": 5.5e-05,
    "et": 0.010827,
    "ee": 0.000232,
    "er": 0.031097,
    "el": 0.006963,
    "ej": 0.001124,
    "eb": 0.00088,
    "ex": 0.000122,
    "ei": 0.00057,
    "eq": 0.0,
    "ef": 0.000963,
    "eg": 0.001572,
    "em": 0.002546,
    "en": 0.024577,
    "e ": 0.02259,
    "ey": 0.000327,
    "eo": 0.000238,
    "rc": 0.000188,
    "rp": 0.000199,
    "rv": 0.000504,
    "rd": 0.003216,
    "rh": 0.000531,
    "rk": 0.002347,
    "ra": 0.004766,
    "rs": 0.003133,
    "rw": 1.1e-05,
    "ru": 0.002142,
    "rz": 4.4e-05,
    "rt": 0.002552,
    "re": 0.010273,
    "rr": 0.00119,
    "rl": 0.000736,
    "rj": 7.2e-05,
    "rb": 0.00088,
    "rx": 1.7e-05,
    "ri": 0.00636,
    "rq": 0.0,
    "rf": 0.000592,
    "rg": 0.001744,
    "rm": 0.001113,
    "rn": 0.00243,
    "r ": 0.02792,
    "ry": 0.000426,
    "ro": 0.003122,
    "lc": 4.4e-05,
    "lp": 0.000172,
    "lv": 0.000498,
    "ld": 0.002419,
    "lh": 0.000221,
    "lk": 0.000554,
    "la": 0.004926,
    "ls": 0.002319,
    "lw": 2.2e-05,
    "lu": 0.000958,
    "lz": 2.2e-05,
    "lt": 0.001002,
    "le": 0.009908,
    "lr": 0.000238,
    "ll": 0.005812,
    "lj": 0.000161,
    "lb": 0.000792,
    "lx": 0.0,
    "li": 0.006327,
    "lq": 0.0,
    "lf": 0.000188,
    "lg": 0.000692,
    "lm": 0.000958,
    "ln": 0.000216,
    "l ": 0.005259,
    "ly": 0.000415,
    "lo": 0.001821,
    "jc": 1.1e-05,
    "jp": 0.0,
    "jv": 3.3e-05,
    "jd": 0.000321,
    "jh": 2.8e-05,
    "jk": 6e-06,
    "ja": 0.00067,
    "js": 0.000199,
    "jw": 0.0,
    "ju": 0.000443,
    "jz": 0.0,
    "jt": 3.9e-05,
    "je": 0.001793,
    "jr": 0.000205,