{
  "total_count": 177067,
  "probabilities": {
    "cc": 0.000107,
    "cp": 1.7e-05,
    "cv": 2.3e-05,
    "cd": 1.7e-05,
    "ch": 0.00192,
    "ck": 0.000277,
    "ca": 0.006348,
    "cs": 0.000102,
    "cw": 0.0,
    "cu": 0.00458,
    "cz": 3.4e-05,
    "ct": 0.002169,
    "ce": 0.004569,
    "cr": 0.002332,
    "cl": 0.000813,
    "cj": 0.0,
    "cb": 1.1e-05,
    "cx": 0.0,
    "ci": 0.004196,
    "cq": 6e-06,
    "cf": 0.0,
    "cg": 0.0,
    "cm": 5.6e-05,
    "cn": 0.000294,
    "c ": 0.002383,
    "cy": 3.4e-05,
    "co": 0.005727,
    "pc": 4.5e-05,
    "pp": 8.5e-05,
    "pv": 6e-06,
    "pd": 6.8e-05,
    "ph": 0.000265,
    "pk": 3.4e-05,
    "pa": 0.002451,
    "ps": 0.000175,
    "pw": 0.0,
    "pu": 0.001802,
    "pz": 6e-06,
    "pt": 0.000542,
    "pe": 0.005868,
    "pr": 0.006145,
    "pl": 0.000762,
    "pj": 0.0,
    "pb": 0.0,
    "px": 0.0,
    "pi": 0.001519,
    "pq": 0.0,
    "pf": 0.0,
    "pg": 6e-06,
    "pm": 4e-05,
    "pn": 0.000282,
    "p ": 0.000751,
    "py": 4e-05,
    "po": 0.003501,
    "vc": 0.000141,
    "vp": 6e-06,
    "vv": 0.0,
    "vd": 5.6e-05,
    "vh": 0.0,
    "vk": 0.000649,
    "va": 0.001875,
    "vs": 0.000215,
    "vw": 0.0,
    "vu": 0.000158,
    "vz": 1.1e-05,
    "vt": 4e-05,
    "ve": 0.002287,
    "vr": 0.000215,
    "vl": 0.000119,
    "vj": 6e-06,
    "vb": 0.0,
    "vx": 0.0,
    "vi": 0.002152,
    "vq": 0.0,
    "vf": 0.0,
    "vg": 1.1e-05,
    "vm": 6e-06,
    "vn": 0.000254,
    "v ": 0.001034,
    "vy": 1.1e-05,
    "vo": 0.000954,
    "dc": 6.8e-05,
    "dp": 6e-06,
    "dv": 6.2e-05,
    "dd": 4e-05,
    "dh": 5.1e-05,
    "dk": 2.3e-05,
    "da": 0.002039,
    "ds": 7.9e-05,
    "dw": 4e-05,
    "du": 0.00153,
    "dz": 1.1e-05,
    "dt": 2.3e-05,
    "de": 0.012882,
    "dr": 0.000921,
    "dl": 5.6e-05,
    "dj": 2.8e-05,
    "db": 5.6e-05,
    "dx": 6e-06,
    "di": 0.009544,
    "dq": 0.0,
    "df": 6e-06,
    "dg": 3.4e-05,
    "dm": 0.00022,
    "dn": 0.000119,
    "d ": 0.002558,
    "dy": 0.000102,
    "do": 0.001446,
    "hc": 0.0,
    "hp": 0.0,
    "hv": 1.7e-05,
    "hd": 2.8e-05,
    "hh": 1.7e-05,
    "hk": 1.1e-05,
    "ha": 0.002372,
    "hs": 2.8e-05,
    "hw": 2.3e-05,
    "hu": 0.00026,
    "hz": 0.0,
    "ht": 0.000124,
    "he": 0.001254,
    "hr": 0.000367,
    "hl": 0.000102,
    "hj": 1.1e-05,
    "hb": 6e-06,
    "hx": 0.0,
    "hi": 0.001434,
    "hq": 0.0,
    "hf": 0.0,
    "hg": 1.1e-05,
    "hm": 8.5e-05,
    "hn": 0.000243,
    "h ": 0.000474,
    "hy": 6.8e-05,
    "ho": 0.00074,
    "kc": 6e-06,
    "kp": 1.1e-05,
    "kv": 2.8e-05,
    "kd": 1.1e-05,
    "kh": 7.9e-05,
    "kk": 2.8e-05,
    "ka": 0.001463,
    "ks": 0.000102,
    "kw": 6e-06,
    "ku": 0.000215,
    "kz": 0.0,
    "kt": 2.3e-05,
    "ke": 0.00039,
    "kr": 0.000203,
    "kl": 0.000102,
    "kj": 0.0,
    "kb": 1.1e-05,
    "kx": 0.0,
    "ki": 0.000616,
    "kq": 0.0,
    "kf": 1.7e-05,
    "kg": 0.0,
    "km": 0.000328,
    "kn": 2.8e-05,
    "k ": 0.000904,
    "ky": 5.6e-05,
    "ko": 0.000537,
    "ac": 0.002637,
    "ap": 0.001141,
    "av": 0.001135,
    "ad": 0.001327,
    "ah": 0.000226,
    "ak": 0.000215,
    "aa": 0.000215,
    "as": 0.002519,
    "aw": 5.1e-05,
    "au": 0.001937,
    "az": 0.000825,
    "at": 0.011493,
    "ae": 0.001158,
    "ar": 0.010092,
    "al": 0.009454,
    "aj": 0.000254,
    "ab": 0.000745,
    "ax": 0.000102,
    "ai": 0.005405,
    "aq": 1.7e-05,
    "af": 0.001852,
    "ag": 0.000796,
    "am": 0.002654,
    "an": 0.00959,
    "a ": 0.027363,
    "ay": 0.000265,
    "ao": 7.3e-05,
    "sc": 0.002999,
    "sp": 0.001361,
    "sv": 0.000113,
    "sd": 0.000102,
    "sh": 0.000248,
    "sk": 0.000649,
    "sa": 0.003965,
    "ss": 0.000446,
    "sw": 4e-05,
    "su": 0.003411,
    "sz": 4e-05,
    "st": 0.013916,
    "se": 0.003084,
    "sr": 0.000169,
    "sl": 0.000395,
    "sj": 1.7e-05,
    "sb": 0.000119,
    "sx": 0.0,
    "si": 0.002044,
    "sq": 0.0,
    "sf": 0.000198,
    "sg": 1.1e-05,
    "sm": 0.000537,
    "sn": 0.000192,
    "s ": 0.004405,
    "sy": 5.6e-05,
    "so": 0.001288,
    "wc": 0.0,
    "wp": 0.0,
    "wv": 0.0,
    "wd": 1.1e-05,
    "wh": 2.8e-05,
    "wk": 2.3e-05,
    "wa": 0.000435,
    "ws": 3.4e-05,
    "ww": 0.0,
    "wu": 0.0,
    "wz": 0.0,
    "wt": 0.0,
    "we": 0.000237,
    "wr": 1.7e-05,
    "wl": 2.3e-05,
    "wj": 0.0,
    "wb": 1.1e-05,
    "wx": 0.0,
    "wi": 0.000226,
    "wq": 0.0,
    "wf": 1.1e-05,
    "wg": 0.0,
    "wm": 6e-06,
    "wn": 4e-05,
    "w ": 9e-05,
    "wy": 0.0,
    "wo": 8.5e-05,
    "uc": 0.00209,
    "up": 0.002248,
    "uv": 0.00013,
    "ud": 0.001378,
    "uh": 0.000113,
    "uk": 0.000107,
    "ua": 0.000785,
    "us": 0.002316,
    "uw": 0.0,
    "uu": 1.7e-05,
    "uz": 0.000429,
    "ut": 0.001621,
    "ue": 0.000633,
    "ur": 0.003304,
    "ul": 0.01051,
    "uj": 7.3e-05,
    "ub": 0.001135,
    "ux": 0.000113,
    "ui": 0.00314,
    "uq": 2.8e-05,
    "uf": 6.8e-05,
    "ug": 0.000412,
    "um": 0.002197,
    "un": 0.010482,
    "u ": 0.005326,
    "uy": 2.3e-05,
    "uo": 9.6e-05,
    "zc": 0.0,
    "zp": 1.1e-05,
    "zv": 9.6e-05,
    "zd": 4e-05,
    "zh": 1.7e-05,
    "zk": 2.3e-05,
    "za": 0.001169,
    "zs": 0.0,
    "zw": 6e-06,
    "zu": 0.000169,
    "zz": 5.1e-05,
    "zt": 2.3e-05,
    "ze": 0.000683,
    "zr": 4.5e-05,
    "zl": 1.7e-05,
    "zj": 0.0,
    "zb": 0.000136,
    "zx": 0.0,
    "zi": 0.001344,
    "zq": 0.0,
    "zf": 0.0,
    "zg": 2.3e-05,
    "zm": 6e-06,
    "zn": 5.1e-05,
    "z ": 0.000915,
    "zy": 2.8e-05,
    "zo": 0.000587,
    "tc": 4.5e-05,
    "tp": 2.8e-05,
    "tv": 5.1e-05,
    "td": 7.9e-05,
    "th": 0.000644,
    "tk": 2.8e-05,
    "ta": 0.005744,
    "ts": 0.000164,
    "tw": 6.2e-05,
    "tu": 0.004032,
    "tz": 0.000107,
    "tt": 0.000345,
    "te": 0.016141,
    "tr": 0.005162,
    "tl": 0.000277,
    "tj": 2.8e-05,
    "tb": 0.000186,
    "tx": 0.0,
    "ti": 0.005823,
    "tq": 0.0,
    "tf": 6.2e-05,
    "tg": 1.7e-05,
    "tm": 8.5e-05,
    "tn": 0.00026,
    "t ": 0.013441,
    "ty": 0.00013,
    "to": 0.004371,
    "ec": 0.002626,
    "ep": 0.00131,
    "ev": 0.000892,
    "ed": 0.002078,
    "eh": 0.000181,
    "ek": 0.000141,
    "ea": 0.006399,
    "es": 0.009567,
    "ew": 6.8e-05,
    "eu": 0.001197,
    "ez": 0.001107,
    "et": 0.002412,
    "ee": 0.001096,
    "er": 0.008522,
    "el": 0.004863,
    "ej": 0.00113,
    "eb": 0.000345,
    "ex": 0.000587,
    "ei": 0.0027,
    "eq": 6e-06,
    "ef": 0.000373,
    "eg": 0.003264,
    "em": 0.001649,
    "en": 0.006839,
    "e ": 0.036794,
    "ey": 0.000136,
    "eo": 0.000593,
    "rc": 0.000616,
    "rp": 0.000248,
    "rv": 0.000514,
    "rd": 0.000932,
    "rh": 0.000243,
    "rk": 0.000265,
    "ra": 0.010499,
    "rs": 0.000926,
    "rw": 2.3e-05,
    "ru": 0.003372,
    "rz": 0.000248,
    "rt": 0.002378,
    "re": 0.011566,
    "rr": 0.000367,
    "rl": 0.000356,
    "rj": 6.8e-05,
    "rb": 0.000412,
    "rx": 0.0,
    "ri": 0.011312,
    "rq": 6e-06,
    "rf": 0.000124,
    "rg": 0.000841,
    "rm": 0.001621,
    "rn": 0.001124,
    "r ": 0.005173,
    "ry": 0.000322,
    "ro": 0.006692,
    "lc": 0.000198,
    "lp": 9.6e-05,
    "lv": 0.000367,
    "ld": 0.000599,
    "lh": 6.8e-05,
    "lk": 0.00022,
    "la": 0.005552,
    "ls": 0.000175,
    "lw": 2.3e-05,
    "lu": 0.003886,
    "lz": 3.4e-05,
    "lt": 0.001107,
    "le": 0.006009,
    "lr": 5.6e-05,
    "ll": 0.000853,
    "lj": 4e-05,
    "lb": 0.000395,
    "lx": 0.0,
    "li": 0.006133,
    "lq": 0.0,
    "lf": 0.000107,
    "lg": 0.000158,
    "lm": 0.000729,
    "ln": 0.000412,
    "l ": 0.013023,
    "ly": 0.00022,
    "lo": 0.004111,
    "jc": 6e-06,
    "jp": 6e-06,
    "jv": 0.0,
    "jd": 1.1e-05,
    "jh": 6e-06,
    "jk": 1.1e-05,
    "ja": 0.001372,
    "js": 1.1e-05,
    "jw": 0.0,
    "ju": 0.001039,
    "jz": 0.0,
    "jt": 7.9e-05,
    "je": 0.000288,
    "jr": 7.3e-05,
    "jl": 6.2e-05,
    "jj": 3.4e-05,
    "jb": 0.0,
    "jx": 0.0,