{
  "total_count": 204401,
  "probabilities": {
    "cc": 4.9e-05,
    "cp": 5e-06,
    "cv": 5e-06,
    "cd": 4.4e-05,
    "ch": 0.001057,
    "ck": 0.00022,
    "ca": 0.002074,
    "cs": 1.5e-05,
    "cw": 0.0,
    "cu": 0.000269,
    "cz": 5e-06,
    "ct": 0.000294,
    "ce": 0.000685,
    "cr": 0.000117,
    "cl": 0.000132,
    "cj": 5e-06,
    "cb": 1e-05,
    "cx": 0.0,
    "ci": 0.000851,
    "cq": 0.0,
    "cf": 5e-06,
    "cg": 0.0,
    "cm": 2.9e-05,
    "cn": 2.4e-05,
    "c ": 0.000323,
    "cy": 2.4e-05,
    "co": 0.000739,
    "pc": 2.9e-05,
    "pp": 6.8e-05,
    "pv": 5e-06,
    "pd": 2.4e-05,
    "ph": 0.000191,
    "pk": 5.4e-05,
    "pa": 0.008821,
    "ps": 7.8e-05,
    "pw": 5e-06,
    "pu": 0.002143,
    "pz": 0.0,
    "pt": 0.000357,
    "pe": 0.006864,
    "pr": 0.001619,
    "pl": 0.000225,
    "pj": 0.0,
    "pb": 0.0,
    "px": 0.0,
    "pi": 0.001629,
    "pq": 0.0,
    "pf": 1e-05,
    "pg": 1e-05,
    "pm": 1e-05,
    "pn": 6.8e-05,
    "p ": 0.00093,
    "py": 3.9e-05,
    "po": 0.001228,
    "vc": 2.9e-05,
    "vp": 5e-06,
    "vv": 0.0,
    "vd": 5e-06,
    "vh": 1e-05,
    "vk": 1e-05,
    "va": 0.000568,
    "vs": 1e-05,
    "vw": 0.0,
    "vu": 2e-05,
    "vz": 0.0,
    "vt": 0.0,
    "ve": 0.00067,
    "vr": 8.3e-05,
    "vl": 1e-05,
    "vj": 0.0,
    "vb": 0.0,
    "vx": 0.0,
    "vi": 0.001076,
    "vq": 0.0,
    "vf": 0.0,
    "vg": 0.0,
    "vm": 0.0,
    "vn": 2.4e-05,
    "v ": 0.000122,
    "vy": 1e-05,
    "vo": 0.000196,
    "dc": 5e-06,
    "dp": 8.3e-05,
    "dv": 1e-05,
    "dd": 0.000117,
    "dh": 8.8e-05,
    "dk": 3.4e-05,
    "da": 0.01819,
    "ds": 0.000113,
    "dw": 5.9e-05,
    "du": 0.002197,
    "dz": 1.5e-05,
    "dt": 2.9e-05,
    "de": 0.003723,
    "dr": 0.000739,
    "dl": 5e-06,
    "dj": 3.9e-05,
    "db": 1.5e-05,
    "dx": 0.0,
    "di": 0.012564,
    "dq": 0.0,
    "df": 0.0,
    "dg": 2.4e-05,
    "dm": 0.000127,
    "dn": 4.4e-05,
    "d ": 0.001204,
    "dy": 9.8e-05,
    "do": 0.001541,
    "hc": 2.4e-05,
    "hp": 2.4e-05,
    "hv": 0.0,
    "hd": 1.5e-05,
    "hh": 1.5e-05,
    "hk": 0.000157,
    "ha": 0.003699,
    "hs": 7.3e-05,
    "hw": 0.000113,
    "hu": 0.00183,
    "hz": 0.0,
    "ht": 0.000161,
    "he": 0.00092,
    "hr": 0.000201,
    "hl": 9.3e-05,
    "hj": 2e-05,
    "hb": 3.9e-05,
    "hx": 0.0,
    "hi": 0.001835,
    "hq": 5e-06,
    "hf": 0.0,
    "hg": 2.4e-05,
    "hm": 6.4e-05,
    "hn": 0.00021,
    "h ": 0.010597,
    "hy": 0.000113,
    "ho": 0.000577,
    "kc": 2.4e-05,
    "kp": 2.9e-05,
    "kv": 0.0,
    "kd": 5e-06,
    "kh": 0.000504,
    "kk": 0.000113,
    "ka": 0.010934,
    "ks": 0.000925,
    "kw": 5e-06,
    "ku": 0.001962,
    "kz": 0.0,
    "kt": 0.000861,
    "ke": 0.00567,
    "kr": 0.000328,
    "kl": 0.000382,
    "kj": 5e-06,
    "kb": 4.9e-05,
    "kx": 0.0,
    "ki": 0.002329,
    "kq": 0.0,
    "kf": 0.0,
    "kg": 1e-05,
    "km": 0.000259,
    "kn": 0.00025,
    "k ": 0.006252,
    "ky": 0.000201,
    "ko": 0.002916,
    "ac": 0.000704,
    "ap": 0.002427,
    "av": 0.00025,
    "ad": 0.008591,
    "ah": 0.010827,
    "ak": 0.00638,
    "aa": 0.001228,
    "as": 0.007265,
    "aw": 0.001208,
    "au": 0.002221,
    "az": 0.000205,
    "at": 0.009902,
    "ae": 0.000685,
    "ar": 0.012701,
    "al": 0.012696,
    "aj": 0.000519,
    "ab": 0.001659,
    "ax": 8.8e-05,
    "ai": 0.004658,
    "aq": 2e-05,
    "af": 0.000357,
    "ag": 0.003332,
    "am": 0.006742,
    "an": 0.038048,
    "a ": 0.025621,
    "ay": 0.00158,
    "ao": 9.3e-05,
    "sc": 0.000294,
    "sp": 0.000568,
    "sv": 4.9e-05,
    "sd": 3.9e-05,
    "sh": 0.00066,
    "sk": 0.000783,
    "sa": 0.007065,
    "ss": 0.000416,
    "sw": 0.000235,
    "su": 0.002431,
    "sz": 3.4e-05,
    "st": 0.002886,
    "se": 0.009584,
    "sr": 0.000166,
    "sl": 0.000289,
    "sj": 2e-05,
    "sb": 9.3e-05,
    "sx": 0.0,
    "si": 0.008253,
    "sq": 4.4e-05,
    "sf": 4.4e-05,
    "sg": 1e-05,
    "sm": 0.000313,
    "sn": 0.000127,
    "s ": 0.006365,
    "sy": 0.000196,
    "so": 0.000621,
    "wc": 5e-06,
    "wp": 5e-06,
    "wv": 0.0,
    "wd": 1e-05,
    "wh": 3.4e-05,
    "wk": 1e-05,
    "wa": 0.002613,
    "ws": 2e-05,
    "ww": 1e-05,
    "wu": 3.4e-05,
    "wz": 0.0,
    "wt": 5e-06,
    "we": 0.000328,
    "wr": 1.5e-05,
    "wl": 2e-05,
    "wj": 0.0,
    "wb": 1e-05,
    "wx": 0.0,
    "wi": 0.000793,
    "wq": 0.0,
    "wf": 5e-06,
    "wg": 5e-06,
    "wm": 5e-06,
    "wn": 9.8e-05,
    "w ": 0.000157,
    "wy": 2e-05,
    "wo": 0.000161,
    "uc": 0.000181,
    "up": 0.002162,
    "uv": 3.9e-05,
    "ud": 0.001228,
    "uh": 0.000621,
    "uk": 0.003312,
    "ua": 0.003522,
    "us": 0.003459,
    "uw": 4.9e-05,
    "uu": 5e-06,
    "uz": 6.8e-05,
    "ut": 0.003053,
    "ue": 0.000181,
    "ur": 0.002828,
    "ul": 0.002505,
    "uj": 0.000318,
    "ub": 0.001008,
    "ux": 1e-05,
    "ui": 0.000298,
    "uq": 0.0,
    "uf": 0.000108,
    "ug": 0.000714,
    "um": 0.002118,
    "un": 0.007402,
    "u ": 0.004012,
    "uy": 1.5e-05,
    "uo": 2.4e-05,
    "zc": 1e-05,
    "zp": 0.0,
    "zv": 0.0,
    "zd": 0.0,
    "zh": 7.8e-05,
    "zk": 5e-06,
    "za": 0.000274,
    "zs": 1.5e-05,
    "zw": 0.0,
    "zu": 5.4e-05,
    "zz": 1.5e-05,
    "zt": 0.0,
    "ze": 7.3e-05,
    "zr": 0.0,
    "zl": 1.5e-05,
    "zj": 0.0,
    "zb": 5e-06,
    "zx": 0.0,
    "zi": 0.000137,
    "zq": 0.0,
    "zf": 0.0,
    "zg": 5e-06,
    "zm": 5e-06,
    "zn": 5e-06,
    "z ": 0.000147,
    "zy": 0.0,
    "zo": 4.4e-05,
    "tc": 4.9e-05,
    "tp": 5e-06,
    "tv": 0.000103,
    "td": 5e-06,
    "th": 0.000704,
    "tk": 0.000215,
    "ta": 0.013953,
    "ts": 0.000274,
    "tw": 2e-05,
    "tu": 0.004066,
    "tz": 4.4e-05,
    "tt": 0.000264,
    "te": 0.007549,
    "tr": 0.001766,
    "tl": 8.8e-05,
    "tj": 1.5e-05,
    "tb": 4.9e-05,
    "tx": 0.0,
    "ti": 0.004775,
    "tq": 2e-05,
    "tf": 5e-06,
    "tg": 0.0,
    "tm": 5.4e-05,
    "tn": 0.00023,
    "t ": 0.006101,
    "ty": 0.000254,
    "to": 0.002148,
    "ec": 0.00112,
    "ep": 0.001977,
    "ev": 0.000352,
    "ed": 0.001424,
    "eh": 0.001463,
    "ek": 0.002143,
    "ea": 0.000685,
    "es": 0.004237,
    "ew": 0.000431,
    "eu": 0.000445,
    "ez": 0.000103,
    "et": 0.003102,
    "ee": 0.000289,
    "er": 0.017495,
    "el": 0.004814,
    "ej": 0.000886,
    "eb": 0.004506,
    "ex": 6.4e-05,
    "ei": 0.000386,
    "eq": 5e-06,
    "ef": 0.000205,
    "eg": 0.001194,
    "em": 0.004804,
    "en": 0.011399,
    "e ": 0.003102,
    "ey": 0.000152,
    "eo": 0.00089,
    "rc": 0.000264,
    "rp": 0.000406,
    "rv": 7.3e-05,
    "rd": 0.001071,
    "rh": 0.00021,
    "rk": 0.001321,
    "ra": 0.011761,
    "rs": 0.001614,
    "rw": 0.000215,
    "ru": 0.003107,
    "rz": 2.4e-05,
    "rt": 0.002138,
    "re": 0.003288,
    "rr": 0.000157,
    "rl": 0.001003,
    "rj": 0.00045,
    "rb": 0.001003,
    "rx": 5e-06,
    "ri": 0.0084,
    "rq": 5e-06,
    "rf": 4.9e-05,
    "rg": 0.000636,
    "rm": 0.001067,
    "rn": 0.001115,
    "r ": 0.005832,
    "ry": 0.000235,
    "ro": 0.002627,
    "lc": 6.8e-05,
    "lp": 3.9e-05,
    "lv": 5.4e-05,
    "ld": 0.000201,
    "lh": 4.4e-05,
    "lk": 0.000289,
    "la": 0.013576,
    "ls": 0.000166,
    "lw": 6.8e-05,
    "lu": 0.002128,
    "lz": 2e-05,
    "lt": 0.000323,
    "le": 0.004222,
    "lr": 1e-05,
    "ll": 0.00066,
    "lj": 2e-05,
    "lb": 0.000289,
    "lx": 0.0,
    "li": 0.005245,
    "lq": 0.0,
    "lf": 6.4e-05,
    "lg": 8.8e-05,
    "lm": 0.000778,
    "ln": 0.000201,
    "l ": 0.005303,
    "ly": 0.000161,
    "lo": 0.001526,
    "jc": 0.0,
    "jp": 0.0,
    "jv": 5e-06,
    "jd": 0.0,
    "jh": 1e-05,
    "jk": 3.4e-05,
    "ja": 0.00387,
    "js": 5e-06,
    "jw": 0.0,
    "ju": 0.001634,
    "jz": 0.0,
    "jt": 0.0,
    "je": 0.000983,
    "jr": 7.8e-05,
    "jl": 1e-05,
    "jj": 0.0,
    "jb": 0.0,
    "jx": 0.0,
    "ji": 0.000523,
    "jq": 0.0,
    "jf": 5e-06,
    "jg": 0.0,
    "jm": 5e-06,
    "jn": 0.0,