{
  "total_count": 242727,
  "probabilities": {
    "cc": 7e-05,
    "cp": 4e-06,
    "cv": 0.0,
    "cd": 1.6e-05,
    "ch": 0.000865,
    "ck": 0.00042,
    "ca": 0.000503,
    "cs": 4.9e-05,
    "cw": 0.0,
    "cu": 0.000136,
    "cz": 1.2e-05,
    "ct": 0.000103,
    "ce": 0.000358,
    "cr": 0.00014,
    "cl": 9.1e-05,
    "cj": 0.0,
    "cb": 1.6e-05,
    "cx": 0.0,
    "ci": 0.000301,
    "cq": 1.6e-05,
    "cf": 8e-06,
    "cg": 8e-06,
    "cm": 2.1e-05,
    "cn": 2.9e-05,
    "c ": 0.000222,
    "cy": 4.1e-05,
    "co": 0.000585,
    "pc": 3.3e-05,
    "pp": 0.000943,
    "pv": 3.3e-05,
    "pd": 1.2e-05,
    "ph": 0.000202,
    "pk": 0.000128,
    "pa": 0.003399,
    "ps": 0.000309,
    "pw": 0.0,
    "pu": 0.002472,
    "pz": 0.0,
    "pt": 0.000239,
    "pe": 0.00323,
    "pr": 0.000626,
    "pl": 0.000404,
    "pj": 1.2e-05,
    "pb": 0.0,
    "px": 0.0,
    "pi": 0.00297,
    "pq": 0.0,
    "pf": 4e-06,
    "pg": 0.0,
    "pm": 5.4e-05,
    "pn": 5.8e-05,
    "p ": 0.000128,
    "py": 0.000416,
    "po": 0.001784,
    "vc": 4e-06,
    "vp": 0.0,
    "vv": 4e-06,
    "vd": 4e-06,
    "vh": 6.2e-05,
    "vk": 0.000152,
    "va": 0.007267,
    "vs": 9.1e-05,
    "vw": 0.0,
    "vu": 0.00304,
    "vz": 0.0,
    "vt": 0.000313,
    "ve": 0.002064,
    "vr": 0.000103,
    "vl": 0.000387,
    "vj": 4e-06,
    "vb": 0.0,
    "vx": 0.0,
    "vi": 0.003378,
    "vq": 0.0,
    "vf": 4e-06,
    "vg": 8e-06,
    "vm": 0.0,
    "vn": 0.000152,
    "v ": 0.000391,
    "vy": 0.000251,
    "vo": 0.001207,
    "dc": 2.1e-05,
    "dp": 1.2e-05,
    "dv": 4.9e-05,
    "dd": 6.6e-05,
    "dh": 6.6e-05,
    "dk": 2.9e-05,
    "da": 0.001121,
    "ds": 0.000177,
    "dw": 5.4e-05,
    "du": 0.00054,
    "dz": 4e-06,
    "dt": 6.6e-05,
    "de": 0.004095,
    "dr": 0.000251,
    "dl": 7.4e-05,
    "dj": 2.9e-05,
    "db": 2.1e-05,
    "dx": 4e-06,
    "di": 0.001681,
    "dq": 8e-06,
    "df": 4e-06,
    "dg": 5.4e-05,
    "dm": 6.6e-05,
    "dn": 0.000111,
    "d ": 0.000807,
    "dy": 0.000758,
    "do": 0.000989,
    "hc": 2.9e-05,
    "hp": 1.2e-05,
    "hv": 0.000111,
    "hd": 0.001644,
    "hh": 1.2e-05,
    "hk": 0.000297,
    "ha": 0.002365,
    "hs": 6.2e-05,
    "hw": 4.1e-05,
    "hu": 0.000531,
    "hz": 4e-06,
    "ht": 0.002216,
    "he": 0.002596,
    "hr": 0.000152,
    "hl": 0.000264,
    "hj": 0.000919,
    "hb": 2.1e-05,
    "hx": 0.0,
    "hi": 0.001409,
    "hq": 8e-06,
    "hf": 2.5e-05,
    "hg": 2.1e-05,
    "hm": 0.000396,
    "hn": 0.001788,
    "h ": 0.000416,
    "hy": 0.000569,
    "ho": 0.001001,
    "kc": 4e-06,
    "kp": 6.2e-05,
    "kv": 2.5e-05,
    "kd": 2.1e-05,
    "kh": 0.000111,
    "kk": 0.003156,
    "ka": 0.010415,
    "ks": 0.004194,
    "kw": 4e-06,
    "ku": 0.006621,
    "kz": 0.0,
    "kt": 0.000321,
    "ke": 0.004346,
    "kr": 0.000622,
    "kl": 0.000293,
    "kj": 8.7e-05,
    "kb": 1.2e-05,
    "kx": 0.0,
    "ki": 0.005986,
    "kq": 0.0,
    "kf": 3.7e-05,
    "kg": 8e-06,
    "km": 0.000152,
    "kn": 0.000317,
    "k ": 0.001018,
    "ky": 0.001561,
    "ko": 0.005105,
    "ac": 0.000511,
    "ap": 0.0015,
    "av": 0.001866,
    "ad": 0.000861,
    "ah": 0.001071,
    "ak": 0.003003,
    "aa": 0.009158,
    "as": 0.006546,
    "aw": 0.000115,
    "au": 0.002991,
    "az": 6.6e-05,
    "at": 0.004635,
    "ae": 0.000379,
    "ar": 0.005619,
    "al": 0.012409,
    "aj": 0.002674,
    "ab": 0.000293,
    "ax": 4.1e-05,
    "ai": 0.009698,
    "aq": 8e-06,
    "af": 0.000227,
    "ag": 0.000396,
    "am": 0.003007,
    "an": 0.014576,
    "a ": 0.031809,
    "ay": 0.000268,
    "ao": 0.000173,
    "sc": 0.000305,
    "sp": 0.00063,
    "sv": 0.001281,
    "sd": 0.000111,
    "sh": 0.000449,
    "sk": 0.002954,
    "sa": 0.011045,
    "ss": 0.007894,
    "sw": 4.9e-05,
    "su": 0.003448,
    "sz": 8e-06,
    "st": 0.011882,
    "se": 0.009117,
    "sr": 0.000157,
    "sl": 0.000667,
    "sj": 0.000161,
    "sb": 0.000103,
    "sx": 0.0,
    "si": 0.010584,
    "sq": 3.7e-05,
    "sf": 4.5e-05,
    "sg": 1.6e-05,
    "sm": 0.000379,
    "sn": 0.000272,
    "s ": 0.005385,
    "sy": 0.000775,
    "so": 0.001767,
    "wc": 4e-06,
    "wp": 8e-06,
    "wv": 0.0,
    "wd": 0.0,
    "wh": 1.6e-05,
    "wk": 2.1e-05,
    "wa": 0.000387,
    "ws": 7.4e-05,
    "ww": 8e-06,
    "wu": 0.0,
    "wz": 0.0,
    "wt": 1.6e-05,
    "we": 0.000268,
    "wr": 5.4e-05,
    "wl": 4.1e-05,
    "wj": 0.0,
    "wb": 8e-06,
    "wx": 0.0,
    "wi": 0.000293,
    "wq": 0.0,
    "wf": 4e-06,
    "wg": 0.0,
    "wm": 0.0,
    "wn": 5.4e-05,
    "w ": 0.000161,
    "wy": 4e-06,
    "wo": 0.000132,
    "uc": 0.000128,
    "up": 0.001162,
    "uv": 0.002002,
    "ud": 0.000968,
    "uh": 0.000696,
    "uk": 0.002872,
    "ua": 0.000807,
    "us": 0.005129,
    "uw": 1.2e-05,
    "uu": 0.004697,
    "uz": 8e-06,
    "ut": 0.003885,
    "ue": 0.001566,
    "ur": 0.00274,
    "ul": 0.003448,
    "uj": 0.00028,
    "ub": 0.000128,
    "ux": 2.9e-05,
    "ui": 0.00164,
    "uq": 0.0,
    "uf": 2.9e-05,
    "ug": 9.5e-05,
    "um": 0.000943,
    "un": 0.005376,
    "u ": 0.00213,
    "uy": 2.9e-05,
    "uo": 0.005999,
    "zc": 0.0,
    "zp": 8e-06,
    "zv": 0.0,
    "zd": 0.0,
    "zh": 2.5e-05,
    "zk": 0.0,
    "za": 0.000103,
    "zs": 0.0,
    "zw": 4e-06,
    "zu": 3.3e-05,
    "zz": 9.9e-05,
    "zt": 4e-06,
    "ze": 0.000115,
    "zr": 0.0,
    "zl": 4e-06,
    "zj": 4e-06,
    "zb": 2.5e-05,
    "zx": 0.0,
    "zi": 0.000107,
    "zq": 0.0,
    "zf": 4e-06,
    "zg": 0.0,
    "zm": 0.0,
    "zn": 1.2e-05,
    "z ": 0.00014,
    "zy": 8e-06,
    "zo": 7.8e-05,
    "tc": 2.5e-05,
    "tp": 8.7e-05,
    "tv": 0.000499,
    "td": 8e-06,
    "th": 0.000906,
    "tk": 0.000873,
    "ta": 0.01477,
    "ts": 0.00187,
    "tw": 6.2e-05,
    "tu": 0.005739,
    "tz": 7.8e-05,
    "tt": 0.007791,
    "te": 0.008174,
    "tr": 0.001425,
    "tl": 0.000218,
    "tj": 0.000305,
    "tb": 2.5e-05,
    "tx": 1.6e-05,
    "ti": 0.008231,
    "tq": 0.0,
    "tf": 4.1e-05,
    "tg": 2.1e-05,
    "tm": 0.000449,
    "tn": 0.000787,
    "t ": 0.00702,
    "ty": 0.002604,
    "to": 0.004837,
    "ec": 0.000202,
    "ep": 0.000428,
    "ev": 0.001215,
    "ed": 0.001149,
    "eh": 0.001075,
    "ek": 0.001912,
    "ea": 0.001079,
    "es": 0.006015,
    "ew": 0.00014,
    "eu": 0.001116,
    "ez": 0.000128,
    "et": 0.005854,
    "ee": 0.004458,
    "er": 0.006283,
    "el": 0.009472,
    "ej": 0.000255,
    "eb": 0.000202,
    "ex": 5.8e-05,
    "ei": 0.004033,
    "eq": 1.6e-05,
    "ef": 4.5e-05,
    "eg": 0.000305,
    "em": 0.001755,
    "en": 0.018354,
    "e ": 0.005957,
    "ey": 0.000404,
    "eo": 0.000482,
    "rc": 0.000185,
    "rp": 0.000297,
    "rv": 0.00084,
    "rd": 0.000519,
    "rh": 0.000482,
    "rk": 0.001751,
    "ra": 0.004573,
    "rs": 0.000762,
    "rw": 4.5e-05,
    "ru": 0.001718,
    "rz": 6.2e-05,
    "rt": 0.001335,
    "re": 0.002336,
    "rr": 0.000581,
    "rl": 0.00033,
    "rj": 0.001496,
    "rb": 9.1e-05,
    "rx": 8e-06,
    "ri": 0.006419,
    "rq": 4e-06,
    "rf": 9.5e-05,
    "rg": 0.000577,
    "rm": 0.00061,
    "rn": 0.000556,
    "r ": 0.001038,
    "ry": 0.000412,
    "ro": 0.00267,
    "lc": 2.1e-05,
    "lp": 0.000486,
    "lv": 0.000424,
    "ld": 0.000218,
    "lh": 0.00047,
    "lk": 0.001837,
    "la": 0.010658,
    "ls": 0.000523,
    "lw": 8e-06,
    "lu": 0.004845,
    "lz": 2.5e-05,
    "lt": 0.002748,
    "le": 0.004944,
    "lr": 2.5e-05,
    "ll": 0.008108,
    "lj": 0.000461,
    "lb": 0.000325,
    "lx": 0.0,
    "li": 0.011144,
    "lq": 8e-06,
    "lf": 7e-05,
    "lg": 8.7e-05,
    "lm": 0.001994,
    "ln": 0.000589,
    "l ": 0.002027,
    "ly": 0.000672,
    "lo": 0.003671,
    "jc": 0.0,
    "jp": 2.1e-05,
    "jv": 8e-06,
    "jd": 1.2e-05,
    "jh": 4.1e-05,
    "jk": 0.000132,
    "ja": 0.010506,
    "js": 0.000148,
    "jw": 0.0,
    "ju": 0.001149,
    "jz": 0.0,
    "jt": 5.4e-05,
    "je": 0.001187,
    "jr": 0.000511,
    "jl": 0.000264,
    "jj": 0.0,
    "jb": 0.0,