{
  "total_count": 208397,
  "probabilities": {
    "cc": 7.2e-05,
    "cp": 1e-05,
    "cv": 5e-06,
    "cd": 2.4e-05,
    "ch": 0.018772,
    "ck": 0.001224,
    "ca": 0.000888,
    "cs": 1.4e-05,
    "cw": 5e-06,
    "cu": 0.000168,
    "cz": 1.4e-05,
    "ct": 0.000144,
    "ce": 0.000523,
    "cr": 0.000139,
    "cl": 0.000168,
    "cj": 5e-06,
    "cb": 2.4e-05,
    "cx": 0.0,
    "ci": 0.000336,
    "cq": 1.9e-05,
    "cf": 0.0,
    "cg": 5e-06,
    "cm": 0.0,
    "cn": 1.9e-05,
    "c ": 0.000427,
    "cy": 9.1e-05,
    "co": 0.000893,
    "pc": 1.9e-05,
    "pp": 0.000326,
    "pv": 0.0,
    "pd": 4.3e-05,
    "ph": 0.000528,
    "pk": 0.0,
    "pa": 0.001468,
    "ps": 0.000101,
    "pw": 0.0,
    "pu": 0.000384,
    "pz": 2.4e-05,
    "pt": 0.000489,
    "pe": 0.001084,
    "pr": 0.001679,
    "pl": 0.000398,
    "pj": 0.0,
    "pb": 5e-06,
    "px": 0.0,
    "pi": 0.001243,
    "pq": 0.0,
    "pf": 0.000624,
    "pg": 1e-05,
    "pm": 3.8e-05,
    "pn": 2.4e-05,
    "p ": 0.000278,
    "py": 2.4e-05,
    "po": 0.001204,
    "vc": 1.9e-05,
    "vp": 5e-06,
    "vv": 0.0,
    "vd": 1e-05,
    "vh": 0.0,
    "vk": 5e-06,
    "va": 0.000595,
    "vs": 1.4e-05,
    "vw": 5e-06,
    "vu": 1.9e-05,
    "vz": 1.9e-05,
    "vt": 1.4e-05,
    "ve": 0.002706,
    "vr": 1.4e-05,
    "vl": 7.2e-05,
    "vj": 5e-06,
    "vb": 0.0,
    "vx": 0.0,
    "vi": 0.001017,
    "vq": 0.0,
    "vf": 0.0,
    "vg": 1e-05,
    "vm": 5e-06,
    "vn": 0.0,
    "v ": 0.000173,
    "vy": 1.4e-05,
    "vo": 0.003354,
    "dc": 2.4e-05,
    "dp": 0.000178,
    "dv": 4.3e-05,
    "dd": 5.3e-05,
    "dh": 0.000202,
    "dk": 0.000393,
    "da": 0.00261,
    "ds": 0.000648,
    "dw": 0.000274,
    "du": 0.00096,
    "dz": 2.4e-05,
    "dt": 0.001147,
    "de": 0.021589,
    "dr": 0.000768,
    "dl": 0.000437,
    "dj": 1.9e-05,
    "db": 0.000139,
    "dx": 0.0,
    "di": 0.005869,
    "dq": 5e-06,
    "df": 0.000106,
    "dg": 9.1e-05,
    "dm": 9.6e-05,
    "dn": 0.00024,
    "d ": 0.007327,
    "dy": 0.000101,
    "do": 0.001132,
    "hc": 7.2e-05,
    "hp": 3.8e-05,
    "hv": 2.4e-05,
    "hd": 4.3e-05,
    "hh": 0.000144,
    "hk": 0.000139,
    "ha": 0.003877,
    "hs": 0.000955,
    "hw": 0.000696,
    "hu": 0.001022,
    "hz": 1.9e-05,
    "ht": 0.002087,
    "he": 0.009952,
    "hr": 0.003138,
    "hl": 0.001344,
    "hj": 1.9e-05,
    "hb": 0.000154,
    "hx": 0.0,
    "hi": 0.001953,
    "hq": 0.0,
    "hf": 0.000178,
    "hg": 0.000149,
    "hm": 0.00059,
    "hn": 0.00202,
    "h ": 0.003858,
    "hy": 0.00012,
    "ho": 0.001617,
    "kc": 0.0,
    "kp": 4.3e-05,
    "kv": 1.9e-05,
    "kd": 1e-05,
    "kh": 7.2e-05,
    "kk": 9.1e-05,
    "ka": 0.002303,
    "ks": 0.000389,
    "kw": 3.8e-05,
    "ku": 0.000595,
    "kz": 4.8e-05,
    "kt": 0.001012,
    "ke": 0.002111,
    "kr": 0.001219,
    "kl": 0.000691,
    "kj": 2.4e-05,
    "kb": 5.3e-05,
    "kx": 0.0,
    "ki": 0.001075,
    "kq": 0.0,
    "kf": 8.2e-05,
    "kg": 0.000106,
    "km": 0.000633,
    "kn": 0.000269,
    "k ": 0.001099,
    "ky": 7.7e-05,
    "ko": 0.001065,
    "ac": 0.001843,
    "ap": 0.000566,
    "av": 0.000302,
    "ad": 0.002284,
    "ah": 0.001852,
    "ak": 0.000557,
    "aa": 0.000533,
    "as": 0.00333,
    "aw": 0.00012,
    "au": 0.005897,
    "az": 0.000197,
    "at": 0.003738,
    "ae": 0.000571,
    "ar": 0.006785,
    "al": 0.006689,
    "aj": 7.2e-05,
    "ab": 0.001084,
    "ax": 0.000173,
    "ai": 0.000854,
    "aq": 9.1e-05,
    "af": 0.000984,
    "ag": 0.001089,
    "am": 0.003196,
    "an": 0.009348,
    "a ": 0.003253,
    "ay": 0.000509,
    "ao": 4.8e-05,
    "sc": 0.00964,
    "sp": 0.001943,
    "sv": 0.000101,
    "sd": 0.000686,
    "sh": 0.000523,
    "sk": 0.0006,
    "sa": 0.001867,
    "ss": 0.002802,
    "sw": 0.000269,
    "su": 0.000542,
    "sz": 0.000168,
    "st": 0.014703,
    "se": 0.005096,
    "sr": 0.000226,
    "sl": 0.000437,
    "sj": 1.9e-05,
    "sb": 0.00059,
    "sx": 0.0,
    "si": 0.004266,
    "sq": 1.9e-05,
    "sf": 0.000163,
    "sg": 0.000413,
    "sm": 0.00036,
    "sn": 0.000149,
    "s ": 0.01178,
    "sy": 0.000202,
    "so": 0.001387,
    "wc": 8.2e-05,
    "wp": 0.0,
    "wv": 0.0,
    "wd": 1.4e-05,
    "wh": 0.00012,
    "wk": 1.9e-05,
    "wa": 0.003258,
    "ws": 0.00012,
    "ww": 1.4e-05,
    "wu": 0.00095,
    "wz": 0.0,
    "wt": 0.0,
    "we": 0.003244,
    "wr": 0.000206,
    "wl": 7.7e-05,
    "wj": 1.9e-05,
    "wb": 1.9e-05,
    "wx": 0.0,
    "wi": 0.002068,
    "wq": 0.0,
    "wf": 5e-06,
    "wg": 0.0,
    "wm": 0.0,
    "wn": 4.8e-05,
    "w ": 0.000298,
    "wy": 2.4e-05,
    "wo": 0.000988,
    "uc": 0.000883,
    "up": 0.000576,
    "uv": 0.00013,
    "ud": 0.000672,
    "uh": 0.000101,
    "uk": 0.000278,
    "ua": 0.000389,
    "us": 0.003608,
    "uw": 0.000115,
    "uu": 2.9e-05,
    "uz": 0.000139,
    "ut": 0.002284,
    "ue": 0.000888,
    "ur": 0.004223,
    "ul": 0.000835,
    "uj": 3.4e-05,
    "ub": 0.000734,
    "ux": 9.6e-05,
    "ui": 0.000341,
    "uq": 0.0,
    "uf": 0.001689,
    "ug": 0.000696,
    "um": 0.001579,
    "un": 0.009779,
    "u ": 0.001008,
    "uy": 1e-05,
    "uo": 2.4e-05,
    "zc": 1.4e-05,
    "zp": 5e-06,
    "zv": 0.0,
    "zd": 1.9e-05,
    "zh": 0.00013,
    "zk": 4.3e-05,
    "za": 0.000322,
    "zs": 0.000355,
    "zw": 0.0006,
    "zu": 0.00178,
    "zz": 8.2e-05,
    "zt": 0.000494,
    "ze": 0.001843,
    "zr": 3.8e-05,
    "zl": 0.000115,
    "zj": 1e-05,
    "zb": 9.6e-05,
    "zx": 0.0,
    "zi": 0.000835,
    "zq": 1.4e-05,
    "zf": 1.4e-05,
    "zg": 0.00013,
    "zm": 3.4e-05,
    "zn": 1e-05,
    "z ": 0.001262,
    "zy": 5.3e-05,
    "zo": 0.00024,
    "tc": 9.1e-05,
    "tp": 0.000115,
    "tv": 7.7e-05,
    "td": 0.000139,
    "th": 0.001488,
    "tk": 0.000178,
    "ta": 0.004026,
    "ts": 0.002721,
    "tw": 0.000393,
    "tu": 0.001675,
    "tz": 0.001531,
    "tt": 0.002231,
    "te": 0.012817,
    "tr": 0.002716,
    "tl": 0.001032,
    "tj": 0.000106,
    "tb": 0.000245,
    "tx": 5e-06,
    "ti": 0.00382,
    "tq": 5e-06,
    "tf": 0.000317,
    "tg": 0.000384,
    "tm": 0.000221,
    "tn": 0.000216,
    "t ": 0.01559,
    "ty": 0.000379,
    "to": 0.001795,
    "ec": 0.001017,
    "ep": 0.000451,
    "ev": 0.000331,
    "ed": 0.001751,
    "eh": 0.002207,
    "ek": 0.000686,
    "ea": 0.000845,
    "es": 0.008033,
    "ew": 0.000662,
    "eu": 0.002068,
    "ez": 0.000576,
    "et": 0.003599,
    "ee": 0.000705,
    "er": 0.031953,
    "el": 0.00548,
    "ej": 4.3e-05,
    "eb": 0.001555,
    "ex": 0.000206,
    "ei": 0.015922,
    "eq": 2.4e-05,
    "ef": 0.000729,
    "eg": 0.002265,
    "em": 0.004347,
    "en": 0.022975,
    "e ": 0.021742,
    "ey": 0.000293,
    "eo": 0.000379,
    "rc": 0.001392,
    "rp": 0.000264,
    "rv": 0.000178,
    "rd": 0.002975,
    "rh": 0.000974,
    "rk": 0.001305,
    "ra": 0.004635,
    "rs": 0.002788,
    "rw": 0.000518,
    "ru": 0.001641,
    "rz": 0.000648,
    "rt": 0.004482,
    "re": 0.007515,
    "rr": 0.001166,
    "rl": 0.000931,
    "rj": 3.8e-05,
    "rb": 0.001228,
    "rx": 0.0,
    "ri": 0.005619,
    "rq": 1.4e-05,
    "rf": 0.000988,
    "rg": 0.001972,
    "rm": 0.001171,
    "rn": 0.00238,
    "r ": 0.022016,
    "ry": 0.000139,
    "ro": 0.003076,
    "lc": 0.000288,
    "lp": 0.000182,
    "lv": 0.000154,
    "ld": 0.000883,
    "lh": 0.000125,
    "lk": 0.000317,
    "la": 0.004098,
    "ls": 0.00237,
    "lw": 0.000106,
    "lu": 0.001176,
    "lz": 0.00023,
    "lt": 0.002015,
    "le": 0.005326,
    "lr": 0.000178,
    "ll": 0.003033,
    "lj": 1.9e-05,
    "lb": 0.000619,
    "lx": 0.0,
    "li": 0.006046,
    "lq": 5e-06,
    "lf": 0.000384,
    "lg": 0.000585,
    "lm": 0.000475,
    "ln": 0.000509,
    "l ": 0.003119,
    "ly": 0.000158,
    "lo": 0.001516,
    "jc": 0.0,
    "jp": 0.0,
    "jv": 5e-06,
    "jd": 5.3e-05,
    "jh": 5.8e-05,
    "jk": 5e-06,
    "ja": 0.001142,
    "js": 1e-05,
    "jw": 5e-06,
    "ju": 0.000384,
    "jz": 0.0,
    "jt": 1.4e-05,