{
  "total_count": 168515,
  "probabilities": {
    "cc": 0.000398,
    "cp": 6e-06,
    "cv": 1.2e-05,
    "cd": 8.3e-05,
    "ch": 0.003614,
    "ck": 0.000451,
    "ca": 0.002967,
    "cs": 0.000172,
    "cw": 0.0,
    "cu": 0.000843,
    "cz": 4.7e-05,
    "ct": 0.001846,
    "ce": 0.003934,
    "cr": 0.001062,
    "cl": 0.000884,
    "cj": 0.0,
    "cb": 0.0,
    "cx": 0.0,
    "ci": 0.002581,
    "cq": 3e-05,
    "cf": 1.8e-05,
    "cg": 6e-06,
    "cm": 6e-06,
    "cn": 0.000131,
    "c ": 0.001175,
    "cy": 0.000119,
    "co": 0.005768,
    "pc": 0.000498,
    "pp": 0.000742,
    "pv": 1.8e-05,
    "pd": 5.3e-05,
    "ph": 0.000813,
    "pk": 1.2e-05,
    "pa": 0.004836,
    "ps": 0.000267,
    "pw": 0.0,
    "pu": 0.001092,
    "pz": 6e-06,
    "pt": 0.000926,
    "pe": 0.002403,
    "pr": 0.002967,
    "pl": 0.001418,
    "pj": 1.2e-05,
    "pb": 1.8e-05,
    "px": 0.0,
    "pi": 0.001169,
    "pq": 0.0,
    "pf": 1.8e-05,
    "pg": 0.0,
    "pm": 1.8e-05,
    "pn": 5.9e-05,
    "p ": 0.000231,
    "py": 4.2e-05,
    "po": 0.003958,
    "vc": 3.6e-05,
    "vp": 0.0,
    "vv": 0.0,
    "vd": 6e-06,
    "vh": 1.8e-05,
    "vk": 1.2e-05,
    "va": 0.0014,
    "vs": 2.4e-05,
    "vw": 0.0,
    "vu": 3.6e-05,
    "vz": 6e-06,
    "vt": 2.4e-05,
    "ve": 0.003074,
    "vr": 0.000694,
    "vl": 3e-05,
    "vj": 0.0,
    "vb": 0.0,
    "vx": 0.0,
    "vi": 0.003394,
    "vq": 4.7e-05,
    "vf": 6e-06,
    "vg": 3e-05,
    "vm": 6e-06,
    "vn": 5.9e-05,
    "v ": 0.000285,
    "vy": 4.7e-05,
    "vo": 0.001056,
    "dc": 0.000404,
    "dp": 0.000641,
    "dv": 0.000107,
    "dd": 0.000113,
    "dh": 0.000231,
    "dk": 0.0,
    "da": 0.005388,
    "ds": 0.000386,
    "dw": 4.7e-05,
    "du": 0.004065,
    "dz": 2.4e-05,
    "dt": 0.000255,
    "de": 0.018592,
    "dr": 0.000872,
    "dl": 0.000125,
    "dj": 7.1e-05,
    "db": 0.000136,
    "dx": 6e-06,
    "di": 0.002825,
    "dq": 6e-06,
    "df": 9.5e-05,
    "dg": 7.7e-05,
    "dm": 0.000344,
    "dn": 6.5e-05,
    "d ": 0.002249,
    "dy": 8.3e-05,
    "do": 0.00184,
    "hc": 1.2e-05,
    "hp": 0.0,
    "hv": 6e-06,
    "hd": 4.7e-05,
    "hh": 0.0,
    "hk": 1.8e-05,
    "ha": 0.00254,
    "hs": 5.3e-05,
    "hw": 6.5e-05,
    "hu": 0.00051,
    "hz": 0.0,
    "ht": 0.000368,
    "he": 0.00178,
    "hr": 0.000386,
    "hl": 0.000125,
    "hj": 1.2e-05,
    "hb": 1.2e-05,
    "hx": 0.0,
    "hi": 0.001851,
    "hq": 8.3e-05,
    "hf": 1.2e-05,
    "hg": 0.0,
    "hm": 0.000166,
    "hn": 0.000261,
    "h ": 0.000593,
    "hy": 0.000107,
    "ho": 0.001543,
    "kc": 0.0,
    "kp": 6e-06,
    "kv": 0.0,
    "kd": 6e-06,
    "kh": 0.000101,
    "kk": 3e-05,
    "ka": 0.000463,
    "ks": 8.9e-05,
    "kw": 6e-06,
    "ku": 0.000119,
    "kz": 0.0,
    "kt": 3.6e-05,
    "ke": 0.000493,
    "kr": 0.000107,
    "kl": 0.000119,
    "kj": 0.0,
    "kb": 0.0,
    "kx": 1.2e-05,
    "ki": 0.000409,
    "kq": 0.0,
    "kf": 1.8e-05,
    "kg": 1.2e-05,
    "km": 0.000267,
    "kn": 2.4e-05,
    "k ": 0.000564,
    "ky": 5.9e-05,
    "ko": 0.000362,
    "ac": 0.001851,
    "ap": 0.001395,
    "av": 0.00146,
    "ad": 0.001169,
    "ah": 0.000202,
    "ak": 0.000285,
    "aa": 0.000119,
    "as": 0.002308,
    "aw": 0.000131,
    "au": 0.004706,
    "az": 0.000267,
    "at": 0.005157,
    "ae": 0.000617,
    "ar": 0.007619,
    "al": 0.006308,
    "aj": 0.000113,
    "ab": 0.001169,
    "ax": 0.000119,
    "ai": 0.006177,
    "aq": 0.000231,
    "af": 0.000415,
    "ag": 0.001751,
    "am": 0.002558,
    "an": 0.013269,
    "a ": 0.010444,
    "ay": 0.000546,
    "ao": 0.000368,
    "sc": 0.001027,
    "sp": 0.001193,
    "sv": 5.3e-05,
    "sd": 0.000178,
    "sh": 0.000593,
    "sk": 0.00032,
    "sa": 0.00257,
    "ss": 0.002795,
    "sw": 5.9e-05,
    "su": 0.002397,
    "sz": 0.000107,
    "st": 0.011779,
    "se": 0.006142,
    "sr": 0.00016,
    "sl": 0.000386,
    "sj": 6e-06,
    "sb": 0.000166,
    "sx": 6e-06,
    "si": 0.004546,
    "sq": 0.000225,
    "sf": 9.5e-05,
    "sg": 5.3e-05,
    "sm": 0.000279,
    "sn": 0.000142,
    "s ": 0.021725,
    "sy": 0.000243,
    "so": 0.002759,
    "wc": 6e-06,
    "wp": 0.0,
    "wv": 0.0,
    "wd": 0.0,
    "wh": 1.2e-05,
    "wk": 1.2e-05,
    "wa": 0.00054,
    "ws": 4.7e-05,
    "ww": 0.0,
    "wu": 2.4e-05,
    "wz": 6e-06,
    "wt": 2.4e-05,
    "we": 0.000255,
    "wr": 6e-06,
    "wl": 0.0,
    "wj": 0.0,
    "wb": 6e-06,
    "wx": 0.0,
    "wi": 0.000522,
    "wq": 0.0,
    "wf": 6e-06,
    "wg": 1.2e-05,
    "wm": 0.0,
    "wn": 0.000119,
    "w ": 0.000338,
    "wy": 6e-06,
    "wo": 0.000184,
    "uc": 0.000635,
    "up": 0.000665,
    "uv": 0.000938,
    "ud": 0.000991,
    "uh": 5.9e-05,
    "uk": 0.000101,
    "ua": 0.000855,
    "us": 0.00308,
    "uw": 1.2e-05,
    "uu": 3.6e-05,
    "uz": 8.3e-05,
    "ut": 0.001899,
    "ue": 0.006077,
    "ur": 0.006261,
    "ul": 0.001638,
    "uj": 6.5e-05,
    "ub": 0.000712,
    "ux": 0.001217,
    "ui": 0.002908,
    "uq": 2.4e-05,
    "uf": 0.000113,
    "ug": 0.000487,
    "um": 0.000742,
    "un": 0.009127,
    "u ": 0.007026,
    "uy": 7.1e-05,
    "uo": 7.7e-05,
    "zc": 1.8e-05,
    "zp": 0.0,
    "zv": 6e-06,
    "zd": 6e-06,
    "zh": 2.4e-05,
    "zk": 1.8e-05,
    "za": 0.000249,
    "zs": 1.8e-05,
    "zw": 6.5e-05,
    "zu": 7.7e-05,
    "zz": 7.1e-05,
    "zt": 6e-06,
    "ze": 0.000237,
    "zr": 6e-06,
    "zl": 7.7e-05,
    "zj": 0.0,
    "zb": 3.6e-05,
    "zx": 0.0,
    "zi": 0.000178,
    "zq": 0.0,
    "zf": 0.0,
    "zg": 1.8e-05,
    "zm": 6e-06,
    "zn": 3.6e-05,
    "z ": 0.000261,
    "zy": 8.3e-05,
    "zo": 0.000291,
    "tc": 0.000267,
    "tp": 9.5e-05,
    "tv": 2.4e-05,
    "td": 1.8e-05,
    "th": 0.001086,
    "tk": 1.2e-05,
    "ta": 0.004985,
    "ts": 0.001679,
    "tw": 6e-06,
    "tu": 0.002694,
    "tz": 5.9e-05,
    "tt": 0.001027,
    "te": 0.008302,
    "tr": 0.004332,
    "tl": 0.000291,
    "tj": 3.6e-05,
    "tb": 0.000297,
    "tx": 0.0,
    "ti": 0.006195,
    "tq": 1.8e-05,
    "tf": 4.7e-05,
    "tg": 0.000142,
    "tm": 0.000172,
    "tn": 8.9e-05,
    "t ": 0.023025,
    "ty": 0.00032,
    "to": 0.00267,
    "ec": 0.001721,
    "ep": 0.001003,
    "ev": 0.00057,
    "ed": 0.000582,
    "eh": 0.000101,
    "ek": 7.7e-05,
    "ea": 0.001211,
    "es": 0.019256,
    "ew": 0.000279,
    "eu": 0.00375,
    "ez": 0.000172,
    "et": 0.005845,
    "ee": 0.000279,
    "er": 0.007216,
    "el": 0.004006,
    "ej": 8.3e-05,
    "eb": 0.00022,
    "ex": 0.000576,
    "ei": 0.000985,
    "eq": 5.9e-05,
    "ef": 0.000392,
    "eg": 0.000344,
    "em": 0.004225,
    "en": 0.013263,
    "e ": 0.056968,
    "ey": 0.000356,
    "eo": 0.000196,
    "rc": 0.001104,
    "rp": 0.000433,
    "rv": 0.000404,
    "rd": 0.001205,
    "rh": 0.000166,
    "rk": 0.000279,
    "ra": 0.006124,
    "rs": 0.002807,
    "rw": 1.2e-05,
    "ru": 0.000938,
    "rz": 0.000107,
    "rt": 0.004059,
    "re": 0.010278,
    "rr": 0.00146,
    "rl": 0.000593,
    "rj": 2.4e-05,
    "rb": 0.000225,
    "rx": 0.0,
    "ri": 0.00629,
    "rq": 0.000178,
    "rf": 0.000243,
    "rg": 0.001573,
    "rm": 0.000979,
    "rn": 0.001015,
    "r ": 0.007596,
    "ry": 0.000255,
    "ro": 0.00489,
    "lc": 0.000237,
    "lp": 0.000285,
    "lv": 0.000225,
    "ld": 0.000285,
    "lh": 0.00038,
    "lk": 7.7e-05,
    "la": 0.011032,
    "ls": 0.000528,
    "lw": 1.2e-05,
    "lu": 0.002059,
    "lz": 3e-05,
    "lt": 0.000843,
    "le": 0.016319,
    "lr": 7.7e-05,
    "ll": 0.00597,
    "lj": 6e-06,
    "lb": 0.000237,
    "lx": 0.0,
    "li": 0.005626,
    "lq": 5.9e-05,
    "lf": 0.000119,
    "lg": 0.000516,
    "lm": 0.000427,
    "ln": 0.00016,
    "l ": 0.004379,
    "ly": 0.000433,
    "lo": 0.003104,
    "jc": 3e-05,
    "jp": 0.0,
    "jv": 6e-06,
    "jd": 6e-06,
    "jh": 0.0,
    "jk": 0.0,
    "ja": 0.000766,
    "js": 1.8e-05,
    "jw": 0.0,
    "ju": 0.000676,
    "jz": 1.2e-05,
    "jt": 0.0,
    "je": 0.000498,
    "jr": 4.2e-05,
    "jl": 1.2e-05,
    "jj": 0.0,