{
  "total_count": 187162,
  "probabilities": {
    "cc": 9.6e-05,
    "cp": 5e-06,
    "cv": 0.0,
    "cd": 1.6e-05,
    "ch": 0.007079,
    "ck": 0.000315,
    "ca": 0.001138,
    "cs": 1.1e-05,
    "cw": 1.6e-05,
    "cu": 0.000449,
    "cz": 4.3e-05,
    "ct": 0.001256,
    "ce": 0.001603,
    "cr": 0.000294,
    "cl": 0.000246,
    "cj": 5e-06,
    "cb": 0.0,
    "cx": 5e-06,
    "ci": 0.001159,
    "cq": 2.7e-05,
    "cf": 1.1e-05,
    "cg": 5e-06,
    "cm": 1.6e-05,
    "cn": 1.1e-05,
    "c ": 0.000283,
    "cy": 0.000118,
    "co": 0.001565,
    "pc": 1.1e-05,
    "pp": 0.001074,
    "pv": 4.3e-05,
    "pd": 1.6e-05,
    "ph": 0.000459,
    "pk": 4.8e-05,
    "pa": 0.001886,
    "ps": 0.000305,
    "pw": 0.0,
    "pu": 0.00094,
    "pz": 2.1e-05,
    "pt": 0.00031,
    "pe": 0.003297,
    "pr": 0.001421,
    "pl": 0.00125,
    "pj": 1.6e-05,
    "pb": 4.8e-05,
    "px": 0.0,
    "pi": 0.001127,
    "pq": 0.0,
    "pf": 1.1e-05,
    "pg": 0.000176,
    "pm": 3.7e-05,
    "pn": 1.1e-05,
    "p ": 0.002084,
    "py": 4.8e-05,
    "po": 0.00133,
    "vc": 2.1e-05,
    "vp": 5e-06,
    "vv": 1.1e-05,
    "vd": 1.1e-05,
    "vh": 0.0,
    "vk": 1.1e-05,
    "va": 0.008437,
    "vs": 4.3e-05,
    "vw": 2.7e-05,
    "vu": 6.9e-05,
    "vz": 0.0,
    "vt": 0.0,
    "ve": 0.004146,
    "vr": 0.000289,
    "vl": 0.000978,
    "vj": 2.1e-05,
    "vb": 1.1e-05,
    "vx": 0.0,
    "vi": 0.00187,
    "vq": 0.0,
    "vf": 0.0,
    "vg": 0.0,
    "vm": 0.0,
    "vn": 3.7e-05,
    "v ": 0.00016,
    "vy": 2.7e-05,
    "vo": 0.003468,
    "dc": 3.7e-05,
    "dp": 0.000118,
    "dv": 4.8e-05,
    "dd": 0.000278,
    "dh": 0.000176,
    "dk": 0.000182,
    "da": 0.002885,
    "ds": 0.001736,
    "dw": 0.000246,
    "du": 0.000834,
    "dz": 5.3e-05,
    "dt": 0.000657,
    "de": 0.022948,
    "dr": 0.00101,
    "dl": 9.6e-05,
    "dj": 4.8e-05,
    "db": 0.000112,
    "dx": 0.0,
    "di": 0.004579,
    "dq": 5e-06,
    "df": 2.1e-05,
    "dg": 6.4e-05,
    "dm": 7.5e-05,
    "dn": 8e-05,
    "d ": 0.006609,
    "dy": 0.000107,
    "do": 0.002725,
    "hc": 0.0,
    "hp": 1.1e-05,
    "hv": 3.7e-05,
    "hd": 5e-06,
    "hh": 1.1e-05,
    "hk": 1.6e-05,
    "ha": 0.003136,
    "hs": 3.2e-05,
    "hw": 3.2e-05,
    "hu": 0.00063,
    "hz": 2.7e-05,
    "ht": 0.001843,
    "he": 0.009751,
    "hr": 0.000609,
    "hl": 6.4e-05,
    "hj": 5e-06,
    "hb": 2.1e-05,
    "hx": 0.0,
    "hi": 0.002404,
    "hq": 0.0,
    "hf": 5e-06,
    "hg": 1.1e-05,
    "hm": 3.7e-05,
    "hn": 0.000144,
    "h ": 0.000962,
    "hy": 0.000182,
    "ho": 0.001988,
    "kc": 1.6e-05,
    "kp": 3.2e-05,
    "kv": 2.7e-05,
    "kd": 4.8e-05,
    "kh": 0.000155,
    "kk": 0.000369,
    "ka": 0.001731,
    "ks": 0.00054,
    "kw": 0.000112,
    "ku": 0.000401,
    "kz": 2.7e-05,
    "kt": 0.001218,
    "ke": 0.003687,
    "kr": 0.000486,
    "kl": 0.00054,
    "kj": 2.7e-05,
    "kb": 5.9e-05,
    "kx": 0.0,
    "ki": 0.000732,
    "kq": 0.0,
    "kf": 3.2e-05,
    "kg": 9.6e-05,
    "km": 0.000337,
    "kn": 0.000176,
    "k ": 0.003078,
    "ky": 7.5e-05,
    "ko": 0.001047,
    "ac": 0.001736,
    "ap": 0.001549,
    "av": 0.000582,
    "ad": 0.001817,
    "ah": 9.1e-05,
    "ak": 0.001619,
    "aa": 0.008629,
    "as": 0.003329,
    "aw": 7.5e-05,
    "au": 0.000972,
    "az": 0.000278,
    "at": 0.004777,
    "ae": 0.001411,
    "ar": 0.006465,
    "al": 0.005696,
    "aj": 0.000134,
    "ab": 0.000609,
    "ax": 0.000112,
    "ai": 0.000823,
    "aq": 3.7e-05,
    "af": 0.000759,
    "ag": 0.001085,
    "am": 0.004312,
    "an": 0.016937,
    "a ": 0.003703,
    "ay": 0.00023,
    "ao": 9.6e-05,
    "sc": 0.003959,
    "sp": 0.001817,
    "sv": 0.00023,
    "sd": 0.000337,
    "sh": 0.000395,
    "sk": 0.000609,
    "sa": 0.001272,
    "ss": 0.001886,
    "sw": 0.000118,
    "su": 0.000502,
    "sz": 8.5e-05,
    "st": 0.009388,
    "se": 0.005295,
    "sr": 0.000128,
    "sl": 0.001101,
    "sj": 0.00023,
    "sb": 0.000342,
    "sx": 0.0,
    "si": 0.001651,
    "sq": 1.1e-05,
    "sf": 8e-05,
    "sg": 0.000102,
    "sm": 0.000251,
    "sn": 0.000246,
    "s ": 0.01675,
    "sy": 0.000198,
    "so": 0.002078,
    "wc": 5e-06,
    "wp": 5e-06,
    "wv": 0.0,
    "wd": 9.1e-05,
    "wh": 2.7e-05,
    "wk": 2.1e-05,
    "wa": 0.002869,
    "ws": 9.1e-05,
    "ww": 3.2e-05,
    "wu": 1.6e-05,
    "wz": 2.7e-05,
    "wt": 2.1e-05,
    "we": 0.004082,
    "wr": 5.9e-05,
    "wl": 1.6e-05,
    "wj": 0.0,
    "wb": 1.1e-05,
    "wx": 0.0,
    "wi": 0.001127,
    "wq": 0.0,
    "wf": 2.7e-05,
    "wg": 5e-06,
    "wm": 1.1e-05,
    "wn": 4.8e-05,
    "w ": 0.000395,
    "wy": 4.3e-05,
    "wo": 0.002046,
    "uc": 0.000545,
    "up": 0.000182,
    "uv": 8.5e-05,
    "ud": 0.00055,
    "uh": 1.1e-05,
    "uk": 0.000144,
    "ua": 0.000417,
    "us": 0.002137,
    "uw": 0.00085,
    "uu": 0.000545,
    "uz": 0.000224,
    "ut": 0.000801,
    "ue": 0.000294,
    "ur": 0.002281,
    "ul": 0.000844,
    "uj": 1.6e-05,
    "ub": 0.001047,
    "ux": 8.5e-05,
    "ui": 0.004408,
    "uq": 1.6e-05,
    "uf": 6.4e-05,
    "ug": 0.000443,
    "um": 0.000834,
    "un": 0.001133,
    "u ": 0.000422,
    "uy": 5.3e-05,
    "uo": 4.8e-05,
    "zc": 5e-06,
    "zp": 5e-06,
    "zv": 0.0,
    "zd": 0.0,
    "zh": 1.1e-05,
    "zk": 5e-06,
    "za": 0.000556,
    "zs": 2.1e-05,
    "zw": 0.00023,
    "zu": 0.00047,
    "zz": 7.5e-05,
    "zt": 2.1e-05,
    "ze": 0.001309,
    "zr": 4.8e-05,
    "zl": 2.1e-05,
    "zj": 6.9e-05,
    "zb": 2.1e-05,
    "zx": 0.0,
    "zi": 0.00172,
    "zq": 0.0,
    "zf": 0.0,
    "zg": 1.1e-05,
    "zm": 1.1e-05,
    "zn": 2.7e-05,
    "z ": 0.000192,
    "zy": 3.7e-05,
    "zo": 0.000646,
    "tc": 7.5e-05,
    "tp": 0.000123,
    "tv": 0.000182,
    "td": 0.000118,
    "th": 0.001453,
    "tk": 8e-05,
    "ta": 0.003836,
    "ts": 0.002517,
    "tw": 0.000614,
    "tu": 0.001277,
    "tz": 7.5e-05,
    "tt": 0.000705,
    "te": 0.011461,
    "tr": 0.002468,
    "tl": 0.000267,
    "tj": 0.000176,
    "tb": 0.000465,
    "tx": 0.0,
    "ti": 0.003884,
    "tq": 5e-06,
    "tf": 5.3e-05,
    "tg": 0.000315,
    "tm": 0.000182,
    "tn": 6.4e-05,
    "t ": 0.021078,
    "ty": 0.000219,
    "to": 0.0028,
    "ec": 0.001224,
    "ep": 0.001726,
    "ev": 0.001822,
    "ed": 0.00265,
    "eh": 0.000449,
    "ek": 0.001758,
    "ea": 0.000663,
    "es": 0.004606,
    "ew": 0.000369,
    "eu": 0.001539,
    "ez": 0.000695,
    "et": 0.01013,
    "ee": 0.015083,
    "er": 0.019566,
    "el": 0.009901,
    "ej": 6.9e-05,
    "eb": 0.001069,
    "ex": 0.000203,
    "ei": 0.002308,
    "eq": 2.7e-05,
    "ef": 0.000994,
    "eg": 0.002009,
    "em": 0.003371,
    "en": 0.028975,
    "e ": 0.032982,
    "ey": 0.00015,
    "eo": 0.000534,
    "rc": 0.000331,
    "rp": 0.000502,
    "rv": 0.0007,
    "rd": 0.004654,
    "rh": 0.00031,
    "rk": 0.001175,
    "ra": 0.004365,
    "rs": 0.003751,
    "rw": 0.000315,
    "ru": 0.001309,
    "rz": 0.000251,
    "rt": 0.003313,
    "re": 0.004996,
    "rr": 0.000908,
    "rl": 0.001405,
    "rj": 4.8e-05,
    "rb": 0.000598,
    "rx": 0.0,
    "ri": 0.005631,
    "rq": 2.1e-05,
    "rf": 0.000208,
    "rg": 0.001325,
    "rm": 0.001069,
    "rn": 0.00093,
    "r ": 0.009735,
    "ry": 0.000214,
    "ro": 0.004643,
    "lc": 0.000102,
    "lp": 0.000128,
    "lv": 0.000294,
    "ld": 0.002356,
    "lh": 0.000123,
    "lk": 0.000502,
    "la": 0.005712,
    "ls": 0.001838,
    "lw": 9.1e-05,
    "lu": 0.000967,
    "lz": 5.9e-05,
    "lt": 0.001127,
    "le": 0.004899,
    "lr": 0.000107,
    "ll": 0.002287,
    "lj": 7.5e-05,
    "lb": 0.00024,
    "lx": 0.0,
    "li": 0.007982,
    "lq": 0.0,
    "lf": 0.000443,
    "lg": 0.000417,
    "lm": 0.000374,
    "ln": 7.5e-05,
    "l ": 0.003772,
    "ly": 0.000315,
    "lo": 0.002159,
    "jc": 0.0,
    "jp": 1.1e-05,
    "jv": 0.000112,
    "jd": 0.000524,
    "jh": 3.2e-05,
    "jk": 0.002057,
    "ja": 0.001042,
    "js": 0.000283,
    "jw": 2.1e-05,
    "ju": 0.00023,
    "jz": 6.9e-05,