{
  "total_count": 174931,
  "probabilities": {
    "cc": 0.000366,
    "cp": 1.1e-05,
    "cv": 0.0,
    "cd": 1.1e-05,
    "ch": 0.004144,
    "ck": 0.001138,
    "ca": 0.004265,
    "cs": 0.000297,
    "cw": 1.7e-05,
    "cu": 0.000777,
    "cz": 2.9e-05,
    "ct": 0.00243,
    "ce": 0.003939,
    "cr": 0.000897,
    "cl": 0.000909,
    "cj": 0.0,
    "cb": 3.4e-05,
    "cx": 0.0,
    "ci": 0.002367,
    "cq": 6e-06,
    "cf": 1.7e-05,
    "cg": 0.0,
    "cm": 2.9e-05,
    "cn": 4e-05,
    "c ": 0.001732,
    "cy": 0.00024,
    "co": 0.005231,
    "pc": 1.7e-05,
    "pp": 0.000589,
    "pv": 6e-06,
    "pd": 1.7e-05,
    "ph": 0.000697,
    "pk": 2.9e-05,
    "pa": 0.002853,
    "ps": 0.00032,
    "pw": 1.7e-05,
    "pu": 0.000886,
    "pz": 0.0,
    "pt": 0.000463,
    "pe": 0.002675,
    "pr": 0.002612,
    "pl": 0.001475,
    "pj": 0.0,
    "pb": 2.3e-05,
    "px": 0.0,
    "pi": 0.001246,
    "pq": 0.0,
    "pf": 6e-06,
    "pg": 1.7e-05,
    "pm": 2.9e-05,
    "pn": 2.3e-05,
    "p ": 0.000903,
    "py": 6.3e-05,
    "po": 0.001835,
    "vc": 1.7e-05,
    "vp": 0.0,
    "vv": 6e-06,
    "vd": 0.0,
    "vh": 0.0,
    "vk": 6e-06,
    "va": 0.000955,
    "vs": 2.3e-05,
    "vw": 0.0,
    "vu": 1.7e-05,
    "vz": 0.0,
    "vt": 0.0,
    "ve": 0.003784,
    "vr": 4e-05,
    "vl": 2.9e-05,
    "vj": 0.0,
    "vb": 0.0,
    "vx": 0.0,
    "vi": 0.002269,
    "vq": 0.0,
    "vf": 0.0,
    "vg": 2.3e-05,
    "vm": 0.0,
    "vn": 2.3e-05,
    "v ": 0.000177,
    "vy": 9.1e-05,
    "vo": 0.000389,
    "dc": 8.6e-05,
    "dp": 3.4e-05,
    "dv": 0.000103,
    "dd": 0.000246,
    "dh": 5.7e-05,
    "dk": 1.7e-05,
    "da": 0.001435,
    "ds": 0.000692,
    "dw": 8.6e-05,
    "du": 0.000938,
    "dz": 1.7e-05,
    "dt": 5.7e-05,
    "de": 0.004962,
    "dr": 0.000492,
    "dl": 0.000154,
    "dj": 2.9e-05,
    "db": 0.000109,
    "dx": 0.0,
    "di": 0.003401,
    "dq": 4.6e-05,
    "df": 1.7e-05,
    "dg": 0.000183,
    "dm": 0.000194,
    "dn": 6.3e-05,
    "d ": 0.016298,
    "dy": 0.00028,
    "do": 0.000932,
    "hc": 1.7e-05,
    "hp": 5.7e-05,
    "hv": 1.7e-05,
    "hd": 4.6e-05,
    "hh": 2.9e-05,
    "hk": 5.7e-05,
    "ha": 0.003413,
    "hs": 0.000114,
    "hw": 0.000263,
    "hu": 0.000646,
    "hz": 0.0,
    "ht": 0.000514,
    "he": 0.017538,
    "hr": 0.000463,
    "hl": 0.000223,
    "hj": 0.0,
    "hb": 8.6e-05,
    "hx": 0.0,
    "hi": 0.003699,
    "hq": 3.4e-05,
    "hf": 3.4e-05,
    "hg": 1.7e-05,
    "hm": 6.3e-05,
    "hn": 0.000274,
    "h ": 0.004756,
    "hy": 0.00028,
    "ho": 0.003013,
    "kc": 1.1e-05,
    "kp": 0.0,
    "kv": 0.0,
    "kd": 2.3e-05,
    "kh": 0.000194,
    "kk": 2.3e-05,
    "ka": 0.000537,
    "ks": 0.000274,
    "kw": 3.4e-05,
    "ku": 0.000154,
    "kz": 0.0,
    "kt": 5.1e-05,
    "ke": 0.001115,
    "kr": 9.1e-05,
    "kl": 0.000131,
    "kj": 6e-06,
    "kb": 2.9e-05,
    "kx": 0.0,
    "ki": 0.000749,
    "kq": 0.0,
    "kf": 2.3e-05,
    "kg": 1.7e-05,
    "km": 0.000149,
    "kn": 0.000446,
    "k ": 0.001732,
    "ky": 0.000166,
    "ko": 0.000423,
    "ac": 0.002624,
    "ap": 0.001166,
    "av": 0.000646,
    "ad": 0.002252,
    "ah": 0.000229,
    "ak": 0.000783,
    "aa": 0.000234,
    "as": 0.008683,
    "aw": 0.000343,
    "au": 0.000875,
    "az": 0.000303,
    "at": 0.008483,
    "ae": 0.000474,
    "ar": 0.008152,
    "al": 0.008443,
    "aj": 0.000263,
    "ab": 0.001092,
    "ax": 8e-05,
    "ai": 0.001972,
    "aq": 4e-05,
    "af": 0.000537,
    "ag": 0.001361,
    "am": 0.00383,
    "an": 0.015766,
    "a ": 0.009347,
    "ay": 0.001561,
    "ao": 5.1e-05,
    "sc": 0.001212,
    "sp": 0.001035,
    "sv": 6.9e-05,
    "sd": 9.7e-05,
    "sh": 0.002847,
    "sk": 0.000326,
    "sa": 0.001383,
    "ss": 0.001966,
    "sw": 0.000189,
    "su": 0.001366,
    "sz": 3.4e-05,
    "st": 0.008712,
    "se": 0.005448,
    "sr": 8e-05,
    "sl": 0.000514,
    "sj": 1.1e-05,
    "sb": 7.4e-05,
    "sx": 0.0,
    "si": 0.004116,
    "sq": 0.000109,
    "sf": 5.1e-05,
    "sg": 6e-06,
    "sm": 0.000372,
    "sn": 6.3e-05,
    "s ": 0.023489,
    "sy": 0.000292,
    "so": 0.00279,
    "wc": 2.9e-05,
    "wp": 6e-06,
    "wv": 0.0,
    "wd": 1.1e-05,
    "wh": 0.001343,
    "wk": 6e-06,
    "wa": 0.003893,
    "ws": 0.000177,
    "ww": 1.1e-05,
    "wu": 6e-06,
    "wz": 0.0,
    "wt": 2.3e-05,
    "we": 0.001778,
    "wr": 0.000326,
    "wl": 8.6e-05,
    "wj": 0.0,
    "wb": 1.1e-05,
    "wx": 0.0,
    "wi": 0.001749,
    "wq": 0.0,
    "wf": 2.3e-05,
    "wg": 0.0,
    "wm": 6e-06,
    "wn": 0.00096,
    "w ": 0.000886,
    "wy": 2.9e-05,
    "wo": 0.001166,
    "uc": 0.000903,
    "up": 0.000492,
    "uv": 8.6e-05,
    "ud": 0.000857,
    "uh": 3.4e-05,
    "uk": 0.000223,
    "ua": 0.000823,
    "us": 0.002984,
    "uw": 1.7e-05,
    "uu": 1.7e-05,
    "uz": 7.4e-05,
    "ut": 0.001869,
    "ue": 0.000955,
    "ur": 0.002801,
    "ul": 0.001332,
    "uj": 4e-05,
    "ub": 0.000955,
    "ux": 2.9e-05,
    "ui": 0.000806,
    "uq": 4.6e-05,
    "uf": 8e-05,
    "ug": 0.000577,
    "um": 0.001303,
    "un": 0.003636,
    "u ": 0.000383,
    "uy": 2.3e-05,
    "uo": 6.3e-05,
    "zc": 2.3e-05,
    "zp": 0.0,
    "zv": 6e-06,
    "zd": 6e-06,
    "zh": 6.3e-05,
    "zk": 6e-06,
    "za": 0.000212,
    "zs": 2.3e-05,
    "zw": 1.1e-05,
    "zu": 4.6e-05,
    "zz": 8e-05,
    "zt": 0.0,
    "ze": 0.000412,
    "zr": 0.0,
    "zl": 2.3e-05,
    "zj": 0.0,
    "zb": 1.1e-05,
    "zx": 0.0,
    "zi": 0.000194,
    "zq": 6e-06,
    "zf": 0.0,
    "zg": 6e-06,
    "zm": 0.0,
    "zn": 6e-06,
    "z ": 0.000229,
    "zy": 6.3e-05,
    "zo": 0.000183,
    "tc": 0.000309,
    "tp": 1.7e-05,
    "tv": 6.3e-05,
    "td": 2.9e-05,
    "th": 0.018899,
    "tk": 2.9e-05,
    "ta": 0.004087,
    "ts": 0.001721,
    "tw": 0.00068,
    "tu": 0.001669,
    "tz": 5.7e-05,
    "tt": 0.001075,
    "te": 0.0085,
    "tr": 0.003281,
    "tl": 0.000743,
    "tj": 6e-06,
    "tb": 0.000383,
    "tx": 6e-06,
    "ti": 0.006808,
    "tq": 0.0,
    "tf": 2.9e-05,
    "tg": 2.3e-05,
    "tm": 0.000171,
    "tn": 9.1e-05,
    "t ": 0.01109,
    "ty": 0.001978,
    "to": 0.005265,
    "ec": 0.002675,
    "ep": 0.001195,
    "ev": 0.001321,
    "ed": 0.008603,
    "eh": 0.000166,
    "ek": 0.000257,
    "ea": 0.004265,
    "es": 0.008152,
    "ew": 0.000692,
    "eu": 0.000274,
    "ez": 0.000103,
    "et": 0.002412,
    "ee": 0.001601,
    "er": 0.013154,
    "el": 0.00379,
    "ej": 5.1e-05,
    "eb": 0.000452,
    "ex": 0.000835,
    "ei": 0.000932,
    "eq": 8e-05,
    "ef": 0.000589,
    "eg": 0.000983,
    "em": 0.002155,
    "en": 0.008169,
    "e ": 0.028154,
    "ey": 0.000732,
    "eo": 0.000577,
    "rc": 0.000732,
    "rp": 0.000349,
    "rv": 0.000572,
    "rd": 0.001412,
    "rh": 0.00012,
    "rk": 0.000772,
    "ra": 0.005362,
    "rs": 0.00239,
    "rw": 0.000166,
    "ru": 0.000926,
    "rz": 8e-05,
    "rt": 0.002881,
    "re": 0.009249,
    "rr": 0.000835,
    "rl": 0.000737,
    "rj": 2.9e-05,
    "rb": 0.000349,
    "rx": 4.6e-05,
    "ri": 0.006746,
    "rq": 1.1e-05,
    "rf": 0.000263,
    "rg": 0.000726,
    "rm": 0.001281,
    "rn": 0.001458,
    "r ": 0.009049,
    "ry": 0.001532,
    "ro": 0.005231,
    "lc": 8e-05,
    "lp": 0.000149,
    "lv": 0.000126,
    "ld": 0.001155,
    "lh": 6.9e-05,
    "lk": 0.00012,
    "la": 0.005202,
    "ls": 0.001029,
    "lw": 0.000149,
    "lu": 0.00096,
    "lz": 1.1e-05,
    "lt": 0.00072,
    "le": 0.005476,
    "lr": 4e-05,
    "ll": 0.003882,
    "lj": 6e-06,
    "lb": 0.000537,
    "lx": 6e-06,
    "li": 0.004676,
    "lq": 0.0,
    "lf": 0.000206,
    "lg": 0.000114,
    "lm": 0.000686,
    "ln": 2.9e-05,
    "l ": 0.005962,
    "ly": 0.002367,
    "lo": 0.00259,
    "jc": 6e-06,
    "jp": 6e-06,
    "jv": 0.0,
    "jd": 6e-06,
    "jh": 4e-05,
    "jk": 6e-06,
    "ja": 0.000709,
    "js": 0.0,
    "jw": 6e-06,
    "ju": 0.000412,
    "jz": 0.0,
    "jt": 0.0,
    "je": 0.000229,
    "jr": 2.3e-05,
    "jl": 6e-06,
    "jj": 0.0,
    "jb": 0.0,