{
  "a": 0.06994519,
  "b": 0.01298421,
  "c": 0.02673163,
  "d": 0.0323175,
  "e": 0.1002875,
  "f": 0.01783321,
  "g": 0.01746315,
  "h": 0.03962325,
  "i": 0.06051608,
  "j": 0.001848549,
  "k": 0.006736597,
  "l": 0.03498724,
  "m": 0.02087715,
  "n": 0.05939464,
  "o": 0.06362243,
  "p": 0.01759774,
  "q": 0.0007064065,
  "r": 0.05237288,
  "s": 0.05538812,
  "t": 0.07508704,
  "u": 0.0228603,
  "v": 0.009108443,
  "w": 0.01574417,
  "x": 0.001530252,
  "y": 0.01507089,
  "z": 0.0009353674,
  " ": 0.16843
}