{
  "a": 0.053987,
  "b": 0.01449354,
  "c": 0.004762722,
  "d": 0.05054437,
  "e": 0.1347757,
  "f": 0.02123094,
  "g": 0.03491923,
  "h": 0.01495493,
  "i": 0.05241526,
  "j": 0.005847745,
  "k": 0.02875639,
  "l": 0.04406768,
  "m": 0.02839159,
  "n": 0.06637676,
  "o": 0.03985951,
  "p": 0.01474862,
  "q": 0.00007314761,
  "r": 0.07658492,
  "s": 0.0512474,
  "t": 0.05507202,
  "u": 0.01498807,
  "v": 0.01973172,
  "w": 0.0007930576,
  "x": 0.0002947786,
  "y": 0.005251623,
  "z": 0.0003766789,
  " ": 0.1654546
}