{
  "a": 0.06885842,
  "b": 0.008106571,
  "c": 0.02948608,
  "d": 0.03629937,
  "e": 0.1217008,
  "f": 0.01005692,
  "g": 0.009051491,
  "h": 0.007198955,
  "i": 0.06203367,
  "j": 0.003619891,
  "k": 0.001276244,
  "l": 0.04784343,
  "m": 0.02374665,
  "n": 0.06422311,
  "o": 0.04771448,
  "p": 0.02600629,
  "q": 0.008216425,
  "r": 0.06117981,
  "s": 0.06851769,
  "t": 0.05835004,
  "u": 0.04941663,
  "v": 0.01164275,
  "w": 0.0006837964,
  "x": 0.003538529,
  "y": 0.002686133,
  "z": 0.0009842791,
  " ": 0.1675616
}