{
  "a": 0.05257302,
  "b": 0.01784886,
  "c": 0.02403643,
  "d": 0.04056927,
  "e": 0.1396301,
  "f": 0.01585788,
  "g": 0.02555245,
  "h": 0.03584609,
  "i": 0.06983619,
  "j": 0.002215867,
  "k": 0.01317016,
  "l": 0.03328434,
  "m": 0.02418231,
  "n": 0.08516747,
  "o": 0.0252383,
  "p": 0.009787262,
  "q": 0.0002886474,
  "r": 0.06516962,
  "s": 0.05561066,
  "t": 0.05610366,
  "u": 0.03228714,
  "v": 0.008279018,
  "w": 0.01285103,
  "x": 0.0007054443,
  "y": 0.001353035,
  "z": 0.01079597,
  " ": 0.1417598
}