{
  "a": 0.08366773,
  "b": 0.01335603,
  "c": 0.01131277,
  "d": 0.03767452,
  "e": 0.08672165,
  "f": 0.01800236,
  "g": 0.02832561,
  "h": 0.01855098,
  "i": 0.04887477,
  "j": 0.007051079,
  "k": 0.02757949,
  "l": 0.04541865,
  "m": 0.03024798,
  "n": 0.07543881,
  "o": 0.03687931,
  "p": 0.01706471,
  "q": 0.0001137142,
  "r": 0.0773117,
  "s": 0.05644135,
  "t": 0.07661306,
  "u": 0.0150007,
  "v": 0.02002926,
  "w": 0.0006128598,
  "x": 0.0009803362,
  "y": 0.005301077,
  "z": 0.0003303697,
  " ": 0.1610991
}